calculation_name,geometry_type,distance,charge,multiplicity,method,basis,total_energy_hartree,relative_energy_ev,normal_termination,optimization_converged,has_imaginary_frequencies,n_imaginary_frequencies,lowest_frequency_cm-1,is_true_minimum,xyz_file,output_file
B6_random_3d_seed1000_d2.50_q0_m3_R2SCAN-3C,random_3d_seed1000,2.5,0,3,R2SCAN-3C,,-148.743347149551,0.00000000,True,True,,,,False,calculations/stage1/B6_random_3d_seed1000_d2.50_q0_m3_R2SCAN-3C/B6_random_3d_seed1000_d2.50_q0_m3_R2SCAN-3C_optimized.xyz,calculations/stage1/B6_random_3d_seed1000_d2.50_q0_m3_R2SCAN-3C/B6_random_3d_seed1000_d2.50_q0_m3_R2SCAN-3C.out
B6_random_3d_seed1000_d3.00_q0_m3_R2SCAN-3C,random_3d_seed1000,3.0,0,3,R2SCAN-3C,,-148.743346682833,0.00001270,True,True,,,,False,calculations/stage1/B6_random_3d_seed1000_d3.00_q0_m3_R2SCAN-3C/B6_random_3d_seed1000_d3.00_q0_m3_R2SCAN-3C_optimized.xyz,calculations/stage1/B6_random_3d_seed1000_d3.00_q0_m3_R2SCAN-3C/B6_random_3d_seed1000_d3.00_q0_m3_R2SCAN-3C.out
B6_random_3d_seed1000_d2.20_q0_m3_R2SCAN-3C,random_3d_seed1000,2.2,0,3,R2SCAN-3C,,-148.743344753439,0.00006520,True,True,,,,False,calculations/stage1/B6_random_3d_seed1000_d2.20_q0_m3_R2SCAN-3C/B6_random_3d_seed1000_d2.20_q0_m3_R2SCAN-3C_optimized.xyz,calculations/stage1/B6_random_3d_seed1000_d2.20_q0_m3_R2SCAN-3C/B6_random_3d_seed1000_d2.20_q0_m3_R2SCAN-3C.out
B6_random_3d_seed1002_d3.50_q0_m3_R2SCAN-3C,random_3d_seed1002,3.5,0,3,R2SCAN-3C,,-148.743339893109,0.00019746,True,True,,,,False,calculations/stage1/B6_random_3d_seed1002_d3.50_q0_m3_R2SCAN-3C/B6_random_3d_seed1002_d3.50_q0_m3_R2SCAN-3C_optimized.xyz,calculations/stage1/B6_random_3d_seed1002_d3.50_q0_m3_R2SCAN-3C/B6_random_3d_seed1002_d3.50_q0_m3_R2SCAN-3C.out
B6_planar_ring_d2.50_q0_m3_R2SCAN-3C,planar_ring,2.5,0,3,R2SCAN-3C,,-148.743337426637,0.00026457,True,True,,,,False,calculations/stage1/B6_planar_ring_d2.50_q0_m3_R2SCAN-3C/B6_planar_ring_d2.50_q0_m3_R2SCAN-3C_optimized.xyz,calculations/stage1/B6_planar_ring_d2.50_q0_m3_R2SCAN-3C/B6_planar_ring_d2.50_q0_m3_R2SCAN-3C.out
B6_rhombic_planar_d1.80_q0_m3_R2SCAN-3C,rhombic_planar,1.8,0,3,R2SCAN-3C,,-148.743335807896,0.00030862,True,True,,,,False,calculations/stage1/B6_rhombic_planar_d1.80_q0_m3_R2SCAN-3C/B6_rhombic_planar_d1.80_q0_m3_R2SCAN-3C_optimized.xyz,calculations/stage1/B6_rhombic_planar_d1.80_q0_m3_R2SCAN-3C/B6_rhombic_planar_d1.80_q0_m3_R2SCAN-3C.out
B6_rhombic_planar_d1.60_q0_m3_R2SCAN-3C,rhombic_planar,1.6,0,3,R2SCAN-3C,,-148.743335803665,0.00030874,True,True,,,,False,calculations/stage1/B6_rhombic_planar_d1.60_q0_m3_R2SCAN-3C/B6_rhombic_planar_d1.60_q0_m3_R2SCAN-3C_optimized.xyz,calculations/stage1/B6_rhombic_planar_d1.60_q0_m3_R2SCAN-3C/B6_rhombic_planar_d1.60_q0_m3_R2SCAN-3C.out
B6_rhombic_planar_d3.50_q0_m3_R2SCAN-3C,rhombic_planar,3.5,0,3,R2SCAN-3C,,-148.743335803571,0.00030874,True,True,,,,False,calculations/stage1/B6_rhombic_planar_d3.50_q0_m3_R2SCAN-3C/B6_rhombic_planar_d3.50_q0_m3_R2SCAN-3C_optimized.xyz,calculations/stage1/B6_rhombic_planar_d3.50_q0_m3_R2SCAN-3C/B6_rhombic_planar_d3.50_q0_m3_R2SCAN-3C.out
B6_rhombic_planar_d2.50_q0_m3_R2SCAN-3C,rhombic_planar,2.5,0,3,R2SCAN-3C,,-148.743335793150,0.00030902,True,True,,,,False,calculations/stage1/B6_rhombic_planar_d2.50_q0_m3_R2SCAN-3C/B6_rhombic_planar_d2.50_q0_m3_R2SCAN-3C_optimized.xyz,calculations/stage1/B6_rhombic_planar_d2.50_q0_m3_R2SCAN-3C/B6_rhombic_planar_d2.50_q0_m3_R2SCAN-3C.out
B6_rhombic_planar_d3.00_q0_m3_R2SCAN-3C,rhombic_planar,3.0,0,3,R2SCAN-3C,,-148.743335774217,0.00030954,True,True,,,,False,calculations/stage1/B6_rhombic_planar_d3.00_q0_m3_R2SCAN-3C/B6_rhombic_planar_d3.00_q0_m3_R2SCAN-3C_optimized.xyz,calculations/stage1/B6_rhombic_planar_d3.00_q0_m3_R2SCAN-3C/B6_rhombic_planar_d3.00_q0_m3_R2SCAN-3C.out
B6_planar_ring_d2.00_q0_m3_R2SCAN-3C,planar_ring,2.0,0,3,R2SCAN-3C,,-148.737786652367,0.15130884,True,True,,,,False,calculations/stage1/B6_planar_ring_d2.00_q0_m3_R2SCAN-3C/B6_planar_ring_d2.00_q0_m3_R2SCAN-3C_optimized.xyz,calculations/stage1/B6_planar_ring_d2.00_q0_m3_R2SCAN-3C/B6_planar_ring_d2.00_q0_m3_R2SCAN-3C.out
B6_planar_ring_d2.20_q0_m3_R2SCAN-3C,planar_ring,2.2,0,3,R2SCAN-3C,,-148.737786574223,0.15131096,True,True,,,,False,calculations/stage1/B6_planar_ring_d2.20_q0_m3_R2SCAN-3C/B6_planar_ring_d2.20_q0_m3_R2SCAN-3C_optimized.xyz,calculations/stage1/B6_planar_ring_d2.20_q0_m3_R2SCAN-3C/B6_planar_ring_d2.20_q0_m3_R2SCAN-3C.out
B6_random_3d_seed1004_d1.60_q0_m1_R2SCAN-3C,random_3d_seed1004,1.6,0,1,R2SCAN-3C,,-148.737100311600,0.16998512,True,True,,,,False,calculations/stage1/B6_random_3d_seed1004_d1.60_q0_m1_R2SCAN-3C/B6_random_3d_seed1004_d1.60_q0_m1_R2SCAN-3C_optimized.xyz,calculations/stage1/B6_random_3d_seed1004_d1.60_q0_m1_R2SCAN-3C/B6_random_3d_seed1004_d1.60_q0_m1_R2SCAN-3C.out
B6_random_3d_seed1003_d2.50_q0_m1_R2SCAN-3C,random_3d_seed1003,2.5,0,1,R2SCAN-3C,,-148.737099279024,0.17001322,True,True,,,,False,calculations/stage1/B6_random_3d_seed1003_d2.50_q0_m1_R2SCAN-3C/B6_random_3d_seed1003_d2.50_q0_m1_R2SCAN-3C_optimized.xyz,calculations/stage1/B6_random_3d_seed1003_d2.50_q0_m1_R2SCAN-3C/B6_random_3d_seed1003_d2.50_q0_m1_R2SCAN-3C.out
B6_random_3d_seed1004_d1.80_q0_m1_R2SCAN-3C,random_3d_seed1004,1.8,0,1,R2SCAN-3C,,-148.737098991816,0.17002103,True,True,,,,False,calculations/stage1/B6_random_3d_seed1004_d1.80_q0_m1_R2SCAN-3C/B6_random_3d_seed1004_d1.80_q0_m1_R2SCAN-3C_optimized.xyz,calculations/stage1/B6_random_3d_seed1004_d1.80_q0_m1_R2SCAN-3C/B6_random_3d_seed1004_d1.80_q0_m1_R2SCAN-3C.out
B6_random_3d_seed1004_d2.20_q0_m1_R2SCAN-3C,random_3d_seed1004,2.2,0,1,R2SCAN-3C,,-148.737098042138,0.17004688,True,True,,,,False,calculations/stage1/B6_random_3d_seed1004_d2.20_q0_m1_R2SCAN-3C/B6_random_3d_seed1004_d2.20_q0_m1_R2SCAN-3C_optimized.xyz,calculations/stage1/B6_random_3d_seed1004_d2.20_q0_m1_R2SCAN-3C/B6_random_3d_seed1004_d2.20_q0_m1_R2SCAN-3C.out
B6_random_3d_seed1004_d2.50_q0_m1_R2SCAN-3C,random_3d_seed1004,2.5,0,1,R2SCAN-3C,,-148.737096855554,0.17007916,True,True,,,,False,calculations/stage1/B6_random_3d_seed1004_d2.50_q0_m1_R2SCAN-3C/B6_random_3d_seed1004_d2.50_q0_m1_R2SCAN-3C_optimized.xyz,calculations/stage1/B6_random_3d_seed1004_d2.50_q0_m1_R2SCAN-3C/B6_random_3d_seed1004_d2.50_q0_m1_R2SCAN-3C.out
B6_random_3d_seed1004_d3.00_q0_m1_R2SCAN-3C,random_3d_seed1004,3.0,0,1,R2SCAN-3C,,-148.737094395938,0.17014609,True,True,,,,False,calculations/stage1/B6_random_3d_seed1004_d3.00_q0_m1_R2SCAN-3C/B6_random_3d_seed1004_d3.00_q0_m1_R2SCAN-3C_optimized.xyz,calculations/stage1/B6_random_3d_seed1004_d3.00_q0_m1_R2SCAN-3C/B6_random_3d_seed1004_d3.00_q0_m1_R2SCAN-3C.out
B6_random_3d_seed1004_d2.00_q0_m1_R2SCAN-3C,random_3d_seed1004,2.0,0,1,R2SCAN-3C,,-148.737094192174,0.17015164,True,True,,,,False,calculations/stage1/B6_random_3d_seed1004_d2.00_q0_m1_R2SCAN-3C/B6_random_3d_seed1004_d2.00_q0_m1_R2SCAN-3C_optimized.xyz,calculations/stage1/B6_random_3d_seed1004_d2.00_q0_m1_R2SCAN-3C/B6_random_3d_seed1004_d2.00_q0_m1_R2SCAN-3C.out
B6_random_3d_seed1003_d3.00_q0_m1_R2SCAN-3C,random_3d_seed1003,3.0,0,1,R2SCAN-3C,,-148.737092984657,0.17018450,True,True,,,,False,calculations/stage1/B6_random_3d_seed1003_d3.00_q0_m1_R2SCAN-3C/B6_random_3d_seed1003_d3.00_q0_m1_R2SCAN-3C_optimized.xyz,calculations/stage1/B6_random_3d_seed1003_d3.00_q0_m1_R2SCAN-3C/B6_random_3d_seed1003_d3.00_q0_m1_R2SCAN-3C.out
B6_random_3d_seed1002_d1.60_q0_m1_R2SCAN-3C,random_3d_seed1002,1.6,0,1,R2SCAN-3C,,-148.737088642659,0.17030265,True,True,,,,False,calculations/stage1/B6_random_3d_seed1002_d1.60_q0_m1_R2SCAN-3C/B6_random_3d_seed1002_d1.60_q0_m1_R2SCAN-3C_optimized.xyz,calculations/stage1/B6_random_3d_seed1002_d1.60_q0_m1_R2SCAN-3C/B6_random_3d_seed1002_d1.60_q0_m1_R2SCAN-3C.out
B6_trigonal_prism_d2.50_q0_m1_R2SCAN-3C,trigonal_prism,2.5,0,1,R2SCAN-3C,,-148.737087566006,0.17033195,True,True,,,,False,calculations/stage1/B6_trigonal_prism_d2.50_q0_m1_R2SCAN-3C/B6_trigonal_prism_d2.50_q0_m1_R2SCAN-3C_optimized.xyz,calculations/stage1/B6_trigonal_prism_d2.50_q0_m1_R2SCAN-3C/B6_trigonal_prism_d2.50_q0_m1_R2SCAN-3C.out
B6_random_3d_seed1002_d2.20_q0_m1_R2SCAN-3C,random_3d_seed1002,2.2,0,1,R2SCAN-3C,,-148.737084947026,0.17040321,True,True,,,,False,calculations/stage1/B6_random_3d_seed1002_d2.20_q0_m1_R2SCAN-3C/B6_random_3d_seed1002_d2.20_q0_m1_R2SCAN-3C_optimized.xyz,calculations/stage1/B6_random_3d_seed1002_d2.20_q0_m1_R2SCAN-3C/B6_random_3d_seed1002_d2.20_q0_m1_R2SCAN-3C.out
B6_random_3d_seed1002_d2.50_q0_m1_R2SCAN-3C,random_3d_seed1002,2.5,0,1,R2SCAN-3C,,-148.737084135424,0.17042530,True,True,,,,False,calculations/stage1/B6_random_3d_seed1002_d2.50_q0_m1_R2SCAN-3C/B6_random_3d_seed1002_d2.50_q0_m1_R2SCAN-3C_optimized.xyz,calculations/stage1/B6_random_3d_seed1002_d2.50_q0_m1_R2SCAN-3C/B6_random_3d_seed1002_d2.50_q0_m1_R2SCAN-3C.out
B6_random_3d_seed1002_d1.80_q0_m1_R2SCAN-3C,random_3d_seed1002,1.8,0,1,R2SCAN-3C,,-148.737083075428,0.17045414,True,True,,,,False,calculations/stage1/B6_random_3d_seed1002_d1.80_q0_m1_R2SCAN-3C/B6_random_3d_seed1002_d1.80_q0_m1_R2SCAN-3C_optimized.xyz,calculations/stage1/B6_random_3d_seed1002_d1.80_q0_m1_R2SCAN-3C/B6_random_3d_seed1002_d1.80_q0_m1_R2SCAN-3C.out
B6_rectangular_planar_d3.00_q0_m3_R2SCAN-3C,rectangular_planar,3.0,0,3,R2SCAN-3C,,-148.728610602439,0.40100188,True,True,,,,False,calculations/stage1/B6_rectangular_planar_d3.00_q0_m3_R2SCAN-3C/B6_rectangular_planar_d3.00_q0_m3_R2SCAN-3C_optimized.xyz,calculations/stage1/B6_rectangular_planar_d3.00_q0_m3_R2SCAN-3C/B6_rectangular_planar_d3.00_q0_m3_R2SCAN-3C.out
B6_rectangular_planar_d2.20_q0_m3_R2SCAN-3C,rectangular_planar,2.2,0,3,R2SCAN-3C,,-148.728610193121,0.40101301,True,True,,,,False,calculations/stage1/B6_rectangular_planar_d2.20_q0_m3_R2SCAN-3C/B6_rectangular_planar_d2.20_q0_m3_R2SCAN-3C_optimized.xyz,calculations/stage1/B6_rectangular_planar_d2.20_q0_m3_R2SCAN-3C/B6_rectangular_planar_d2.20_q0_m3_R2SCAN-3C.out
B6_rectangular_planar_d2.50_q0_m3_R2SCAN-3C,rectangular_planar,2.5,0,3,R2SCAN-3C,,-148.728609378006,0.40103519,True,True,,,,False,calculations/stage1/B6_rectangular_planar_d2.50_q0_m3_R2SCAN-3C/B6_rectangular_planar_d2.50_q0_m3_R2SCAN-3C_optimized.xyz,calculations/stage1/B6_rectangular_planar_d2.50_q0_m3_R2SCAN-3C/B6_rectangular_planar_d2.50_q0_m3_R2SCAN-3C.out
B6_random_3d_seed1000_d3.50_q0_m3_R2SCAN-3C,random_3d_seed1000,3.5,0,3,R2SCAN-3C,,-148.728605547189,0.40113944,True,True,,,,False,calculations/stage1/B6_random_3d_seed1000_d3.50_q0_m3_R2SCAN-3C/B6_random_3d_seed1000_d3.50_q0_m3_R2SCAN-3C_optimized.xyz,calculations/stage1/B6_random_3d_seed1000_d3.50_q0_m3_R2SCAN-3C/B6_random_3d_seed1000_d3.50_q0_m3_R2SCAN-3C.out
B6_rectangular_planar_d3.50_q0_m3_R2SCAN-3C,rectangular_planar,3.5,0,3,R2SCAN-3C,,-148.727967374712,0.41850499,True,True,,,,False,calculations/stage1/B6_rectangular_planar_d3.50_q0_m3_R2SCAN-3C/B6_rectangular_planar_d3.50_q0_m3_R2SCAN-3C_optimized.xyz,calculations/stage1/B6_rectangular_planar_d3.50_q0_m3_R2SCAN-3C/B6_rectangular_planar_d3.50_q0_m3_R2SCAN-3C.out
B6_random_3d_seed1004_d3.50_q0_m1_R2SCAN-3C,random_3d_seed1004,3.5,0,1,R2SCAN-3C,,-148.717732891470,0.69699947,True,True,,,,False,calculations/stage1/B6_random_3d_seed1004_d3.50_q0_m1_R2SCAN-3C/B6_random_3d_seed1004_d3.50_q0_m1_R2SCAN-3C_optimized.xyz,calculations/stage1/B6_random_3d_seed1004_d3.50_q0_m1_R2SCAN-3C/B6_random_3d_seed1004_d3.50_q0_m1_R2SCAN-3C.out
B6_planar_ring_d3.50_q0_m1_R2SCAN-3C,planar_ring,3.5,0,1,R2SCAN-3C,,-148.717730320569,0.69706943,True,True,,,,False,calculations/stage1/B6_planar_ring_d3.50_q0_m1_R2SCAN-3C/B6_planar_ring_d3.50_q0_m1_R2SCAN-3C_optimized.xyz,calculations/stage1/B6_planar_ring_d3.50_q0_m1_R2SCAN-3C/B6_planar_ring_d3.50_q0_m1_R2SCAN-3C.out
B6_rectangular_planar_d3.50_q0_m1_R2SCAN-3C,rectangular_planar,3.5,0,1,R2SCAN-3C,,-148.717729552028,0.69709034,True,True,,,,False,calculations/stage1/B6_rectangular_planar_d3.50_q0_m1_R2SCAN-3C/B6_rectangular_planar_d3.50_q0_m1_R2SCAN-3C_optimized.xyz,calculations/stage1/B6_rectangular_planar_d3.50_q0_m1_R2SCAN-3C/B6_rectangular_planar_d3.50_q0_m1_R2SCAN-3C.out
B6_rectangular_planar_d2.50_q0_m1_R2SCAN-3C,rectangular_planar,2.5,0,1,R2SCAN-3C,,-148.717729484779,0.69709217,True,True,,,,False,calculations/stage1/B6_rectangular_planar_d2.50_q0_m1_R2SCAN-3C/B6_rectangular_planar_d2.50_q0_m1_R2SCAN-3C_optimized.xyz,calculations/stage1/B6_rectangular_planar_d2.50_q0_m1_R2SCAN-3C/B6_rectangular_planar_d2.50_q0_m1_R2SCAN-3C.out
B6_rectangular_planar_d3.00_q0_m1_R2SCAN-3C,rectangular_planar,3.0,0,1,R2SCAN-3C,,-148.717729427352,0.69709373,True,True,,,,False,calculations/stage1/B6_rectangular_planar_d3.00_q0_m1_R2SCAN-3C/B6_rectangular_planar_d3.00_q0_m1_R2SCAN-3C_optimized.xyz,calculations/stage1/B6_rectangular_planar_d3.00_q0_m1_R2SCAN-3C/B6_rectangular_planar_d3.00_q0_m1_R2SCAN-3C.out
B6_rectangular_planar_d2.20_q0_m1_R2SCAN-3C,rectangular_planar,2.2,0,1,R2SCAN-3C,,-148.717729300326,0.69709719,True,True,,,,False,calculations/stage1/B6_rectangular_planar_d2.20_q0_m1_R2SCAN-3C/B6_rectangular_planar_d2.20_q0_m1_R2SCAN-3C_optimized.xyz,calculations/stage1/B6_rectangular_planar_d2.20_q0_m1_R2SCAN-3C/B6_rectangular_planar_d2.20_q0_m1_R2SCAN-3C.out
B6_rectangular_planar_d2.00_q0_m1_R2SCAN-3C,rectangular_planar,2.0,0,1,R2SCAN-3C,,-148.717728337008,0.69712340,True,True,,,,False,calculations/stage1/B6_rectangular_planar_d2.00_q0_m1_R2SCAN-3C/B6_rectangular_planar_d2.00_q0_m1_R2SCAN-3C_optimized.xyz,calculations/stage1/B6_rectangular_planar_d2.00_q0_m1_R2SCAN-3C/B6_rectangular_planar_d2.00_q0_m1_R2SCAN-3C.out
B6_random_3d_seed1000_d1.60_q0_m1_R2SCAN-3C,random_3d_seed1000,1.6,0,1,R2SCAN-3C,,-148.717727302807,0.69715155,True,True,,,,False,calculations/stage1/B6_random_3d_seed1000_d1.60_q0_m1_R2SCAN-3C/B6_random_3d_seed1000_d1.60_q0_m1_R2SCAN-3C_optimized.xyz,calculations/stage1/B6_random_3d_seed1000_d1.60_q0_m1_R2SCAN-3C/B6_random_3d_seed1000_d1.60_q0_m1_R2SCAN-3C.out
B6_random_3d_seed1000_d1.80_q0_m1_R2SCAN-3C,random_3d_seed1000,1.8,0,1,R2SCAN-3C,,-148.717726881025,0.69716302,True,True,,,,False,calculations/stage1/B6_random_3d_seed1000_d1.80_q0_m1_R2SCAN-3C/B6_random_3d_seed1000_d1.80_q0_m1_R2SCAN-3C_optimized.xyz,calculations/stage1/B6_random_3d_seed1000_d1.80_q0_m1_R2SCAN-3C/B6_random_3d_seed1000_d1.80_q0_m1_R2SCAN-3C.out
B6_random_3d_seed1000_d3.50_q0_m1_R2SCAN-3C,random_3d_seed1000,3.5,0,1,R2SCAN-3C,,-148.717726329973,0.69717802,True,True,,,,False,calculations/stage1/B6_random_3d_seed1000_d3.50_q0_m1_R2SCAN-3C/B6_random_3d_seed1000_d3.50_q0_m1_R2SCAN-3C_optimized.xyz,calculations/stage1/B6_random_3d_seed1000_d3.50_q0_m1_R2SCAN-3C/B6_random_3d_seed1000_d3.50_q0_m1_R2SCAN-3C.out
B6_random_3d_seed1000_d2.50_q0_m1_R2SCAN-3C,random_3d_seed1000,2.5,0,1,R2SCAN-3C,,-148.717725659501,0.69719626,True,True,,,,False,calculations/stage1/B6_random_3d_seed1000_d2.50_q0_m1_R2SCAN-3C/B6_random_3d_seed1000_d2.50_q0_m1_R2SCAN-3C_optimized.xyz,calculations/stage1/B6_random_3d_seed1000_d2.50_q0_m1_R2SCAN-3C/B6_random_3d_seed1000_d2.50_q0_m1_R2SCAN-3C.out
B6_random_3d_seed1002_d2.00_q0_m1_R2SCAN-3C,random_3d_seed1002,2.0,0,1,R2SCAN-3C,,-148.717725384705,0.69720374,True,True,,,,False,calculations/stage1/B6_random_3d_seed1002_d2.00_q0_m1_R2SCAN-3C/B6_random_3d_seed1002_d2.00_q0_m1_R2SCAN-3C_optimized.xyz,calculations/stage1/B6_random_3d_seed1002_d2.00_q0_m1_R2SCAN-3C/B6_random_3d_seed1002_d2.00_q0_m1_R2SCAN-3C.out
B6_planar_ring_d2.20_q0_m1_R2SCAN-3C,planar_ring,2.2,0,1,R2SCAN-3C,,-148.717725000077,0.69721421,True,True,,,,False,calculations/stage1/B6_planar_ring_d2.20_q0_m1_R2SCAN-3C/B6_planar_ring_d2.20_q0_m1_R2SCAN-3C_optimized.xyz,calculations/stage1/B6_planar_ring_d2.20_q0_m1_R2SCAN-3C/B6_planar_ring_d2.20_q0_m1_R2SCAN-3C.out
B6_random_3d_seed1002_d3.00_q0_m1_R2SCAN-3C,random_3d_seed1002,3.0,0,1,R2SCAN-3C,,-148.717723950946,0.69724275,True,True,,,,False,calculations/stage1/B6_random_3d_seed1002_d3.00_q0_m1_R2SCAN-3C/B6_random_3d_seed1002_d3.00_q0_m1_R2SCAN-3C_optimized.xyz,calculations/stage1/B6_random_3d_seed1002_d3.00_q0_m1_R2SCAN-3C/B6_random_3d_seed1002_d3.00_q0_m1_R2SCAN-3C.out
B6_random_3d_seed1000_d2.20_q0_m1_R2SCAN-3C,random_3d_seed1000,2.2,0,1,R2SCAN-3C,,-148.717723858420,0.69724527,True,True,,,,False,calculations/stage1/B6_random_3d_seed1000_d2.20_q0_m1_R2SCAN-3C/B6_random_3d_seed1000_d2.20_q0_m1_R2SCAN-3C_optimized.xyz,calculations/stage1/B6_random_3d_seed1000_d2.20_q0_m1_R2SCAN-3C/B6_random_3d_seed1000_d2.20_q0_m1_R2SCAN-3C.out
B6_random_3d_seed1000_d2.00_q0_m1_R2SCAN-3C,random_3d_seed1000,2.0,0,1,R2SCAN-3C,,-148.717723740349,0.69724848,True,True,,,,False,calculations/stage1/B6_random_3d_seed1000_d2.00_q0_m1_R2SCAN-3C/B6_random_3d_seed1000_d2.00_q0_m1_R2SCAN-3C_optimized.xyz,calculations/stage1/B6_random_3d_seed1000_d2.00_q0_m1_R2SCAN-3C/B6_random_3d_seed1000_d2.00_q0_m1_R2SCAN-3C.out
B6_random_3d_seed1000_d3.00_q0_m1_R2SCAN-3C,random_3d_seed1000,3.0,0,1,R2SCAN-3C,,-148.717723380293,0.69725828,True,True,,,,False,calculations/stage1/B6_random_3d_seed1000_d3.00_q0_m1_R2SCAN-3C/B6_random_3d_seed1000_d3.00_q0_m1_R2SCAN-3C_optimized.xyz,calculations/stage1/B6_random_3d_seed1000_d3.00_q0_m1_R2SCAN-3C/B6_random_3d_seed1000_d3.00_q0_m1_R2SCAN-3C.out
B6_random_3d_seed1002_d3.50_q0_m1_R2SCAN-3C,random_3d_seed1002,3.5,0,1,R2SCAN-3C,,-148.717723248983,0.69726186,True,True,,,,False,calculations/stage1/B6_random_3d_seed1002_d3.50_q0_m1_R2SCAN-3C/B6_random_3d_seed1002_d3.50_q0_m1_R2SCAN-3C_optimized.xyz,calculations/stage1/B6_random_3d_seed1002_d3.50_q0_m1_R2SCAN-3C/B6_random_3d_seed1002_d3.50_q0_m1_R2SCAN-3C.out
B6_trigonal_prism_d3.00_q0_m1_R2SCAN-3C,trigonal_prism,3.0,0,1,R2SCAN-3C,,-148.717723234859,0.69726224,True,True,,,,False,calculations/stage1/B6_trigonal_prism_d3.00_q0_m1_R2SCAN-3C/B6_trigonal_prism_d3.00_q0_m1_R2SCAN-3C_optimized.xyz,calculations/stage1/B6_trigonal_prism_d3.00_q0_m1_R2SCAN-3C/B6_trigonal_prism_d3.00_q0_m1_R2SCAN-3C.out
B6_rhombic_planar_d2.00_q0_m3_R2SCAN-3C,rhombic_planar,2.0,0,3,R2SCAN-3C,,-148.716880513253,0.72019386,True,True,,,,False,calculations/stage1/B6_rhombic_planar_d2.00_q0_m3_R2SCAN-3C/B6_rhombic_planar_d2.00_q0_m3_R2SCAN-3C_optimized.xyz,calculations/stage1/B6_rhombic_planar_d2.00_q0_m3_R2SCAN-3C/B6_rhombic_planar_d2.00_q0_m3_R2SCAN-3C.out
B6_rhombic_planar_d2.20_q0_m3_R2SCAN-3C,rhombic_planar,2.2,0,3,R2SCAN-3C,,-148.716880506083,0.72019406,True,True,,,,False,calculations/stage1/B6_rhombic_planar_d2.20_q0_m3_R2SCAN-3C/B6_rhombic_planar_d2.20_q0_m3_R2SCAN-3C_optimized.xyz,calculations/stage1/B6_rhombic_planar_d2.20_q0_m3_R2SCAN-3C/B6_rhombic_planar_d2.20_q0_m3_R2SCAN-3C.out
B6_planar_ring_d2.50_q0_m1_R2SCAN-3C,planar_ring,2.5,0,1,R2SCAN-3C,,-148.711188098782,0.87509235,True,True,,,,False,calculations/stage1/B6_planar_ring_d2.50_q0_m1_R2SCAN-3C/B6_planar_ring_d2.50_q0_m1_R2SCAN-3C_optimized.xyz,calculations/stage1/B6_planar_ring_d2.50_q0_m1_R2SCAN-3C/B6_planar_ring_d2.50_q0_m1_R2SCAN-3C.out
B6_rhombic_planar_d2.50_q0_m1_R2SCAN-3C,rhombic_planar,2.5,0,1,R2SCAN-3C,,-148.710631038120,0.89025074,True,True,,,,False,calculations/stage1/B6_rhombic_planar_d2.50_q0_m1_R2SCAN-3C/B6_rhombic_planar_d2.50_q0_m1_R2SCAN-3C_optimized.xyz,calculations/stage1/B6_rhombic_planar_d2.50_q0_m1_R2SCAN-3C/B6_rhombic_planar_d2.50_q0_m1_R2SCAN-3C.out
B6_rhombic_planar_d3.50_q0_m1_R2SCAN-3C,rhombic_planar,3.5,0,1,R2SCAN-3C,,-148.710631016831,0.89025132,True,True,,,,False,calculations/stage1/B6_rhombic_planar_d3.50_q0_m1_R2SCAN-3C/B6_rhombic_planar_d3.50_q0_m1_R2SCAN-3C_optimized.xyz,calculations/stage1/B6_rhombic_planar_d3.50_q0_m1_R2SCAN-3C/B6_rhombic_planar_d3.50_q0_m1_R2SCAN-3C.out
B6_rhombic_planar_d3.00_q0_m1_R2SCAN-3C,rhombic_planar,3.0,0,1,R2SCAN-3C,,-148.710630958267,0.89025292,True,True,,,,False,calculations/stage1/B6_rhombic_planar_d3.00_q0_m1_R2SCAN-3C/B6_rhombic_planar_d3.00_q0_m1_R2SCAN-3C_optimized.xyz,calculations/stage1/B6_rhombic_planar_d3.00_q0_m1_R2SCAN-3C/B6_rhombic_planar_d3.00_q0_m1_R2SCAN-3C.out
B6_rhombic_planar_d1.80_q0_m1_R2SCAN-3C,rhombic_planar,1.8,0,1,R2SCAN-3C,,-148.710630945905,0.89025325,True,True,,,,False,calculations/stage1/B6_rhombic_planar_d1.80_q0_m1_R2SCAN-3C/B6_rhombic_planar_d1.80_q0_m1_R2SCAN-3C_optimized.xyz,calculations/stage1/B6_rhombic_planar_d1.80_q0_m1_R2SCAN-3C/B6_rhombic_planar_d1.80_q0_m1_R2SCAN-3C.out
B6_rhombic_planar_d2.00_q0_m1_R2SCAN-3C,rhombic_planar,2.0,0,1,R2SCAN-3C,,-148.710630904461,0.89025438,True,True,,,,False,calculations/stage1/B6_rhombic_planar_d2.00_q0_m1_R2SCAN-3C/B6_rhombic_planar_d2.00_q0_m1_R2SCAN-3C_optimized.xyz,calculations/stage1/B6_rhombic_planar_d2.00_q0_m1_R2SCAN-3C/B6_rhombic_planar_d2.00_q0_m1_R2SCAN-3C.out
B6_rhombic_planar_d2.20_q0_m1_R2SCAN-3C,rhombic_planar,2.2,0,1,R2SCAN-3C,,-148.710630825865,0.89025652,True,True,,,,False,calculations/stage1/B6_rhombic_planar_d2.20_q0_m1_R2SCAN-3C/B6_rhombic_planar_d2.20_q0_m1_R2SCAN-3C_optimized.xyz,calculations/stage1/B6_rhombic_planar_d2.20_q0_m1_R2SCAN-3C/B6_rhombic_planar_d2.20_q0_m1_R2SCAN-3C.out
B6_planar_ring_d3.00_q0_m1_R2SCAN-3C,planar_ring,3.0,0,1,R2SCAN-3C,,-148.710629295532,0.89029816,True,True,,,,False,calculations/stage1/B6_planar_ring_d3.00_q0_m1_R2SCAN-3C/B6_planar_ring_d3.00_q0_m1_R2SCAN-3C_optimized.xyz,calculations/stage1/B6_planar_ring_d3.00_q0_m1_R2SCAN-3C/B6_planar_ring_d3.00_q0_m1_R2SCAN-3C.out
B6_random_3d_seed1004_d3.50_q0_m3_R2SCAN-3C,random_3d_seed1004,3.5,0,3,R2SCAN-3C,,-148.709710192253,0.91530824,True,True,,,,False,calculations/stage1/B6_random_3d_seed1004_d3.50_q0_m3_R2SCAN-3C/B6_random_3d_seed1004_d3.50_q0_m3_R2SCAN-3C_optimized.xyz,calculations/stage1/B6_random_3d_seed1004_d3.50_q0_m3_R2SCAN-3C/B6_random_3d_seed1004_d3.50_q0_m3_R2SCAN-3C.out
B6_trigonal_prism_d3.00_q0_m3_R2SCAN-3C,trigonal_prism,3.0,0,3,R2SCAN-3C,,-148.709708441665,0.91535587,True,True,,,,False,calculations/stage1/B6_trigonal_prism_d3.00_q0_m3_R2SCAN-3C/B6_trigonal_prism_d3.00_q0_m3_R2SCAN-3C_optimized.xyz,calculations/stage1/B6_trigonal_prism_d3.00_q0_m3_R2SCAN-3C/B6_trigonal_prism_d3.00_q0_m3_R2SCAN-3C.out
B6_random_3d_seed1000_d1.80_q0_m3_R2SCAN-3C,random_3d_seed1000,1.8,0,3,R2SCAN-3C,,-148.709707579144,0.91537934,True,True,,,,False,calculations/stage1/B6_random_3d_seed1000_d1.80_q0_m3_R2SCAN-3C/B6_random_3d_seed1000_d1.80_q0_m3_R2SCAN-3C_optimized.xyz,calculations/stage1/B6_random_3d_seed1000_d1.80_q0_m3_R2SCAN-3C/B6_random_3d_seed1000_d1.80_q0_m3_R2SCAN-3C.out
B6_rectangular_planar_d1.60_q0_m3_R2SCAN-3C,rectangular_planar,1.6,0,3,R2SCAN-3C,,-148.702543385189,1.11032699,True,True,,,,False,calculations/stage1/B6_rectangular_planar_d1.60_q0_m3_R2SCAN-3C/B6_rectangular_planar_d1.60_q0_m3_R2SCAN-3C_optimized.xyz,calculations/stage1/B6_rectangular_planar_d1.60_q0_m3_R2SCAN-3C/B6_rectangular_planar_d1.60_q0_m3_R2SCAN-3C.out
B6_rectangular_planar_d1.80_q0_m3_R2SCAN-3C,rectangular_planar,1.8,0,3,R2SCAN-3C,,-148.702543383156,1.11032705,True,True,,,,False,calculations/stage1/B6_rectangular_planar_d1.80_q0_m3_R2SCAN-3C/B6_rectangular_planar_d1.80_q0_m3_R2SCAN-3C_optimized.xyz,calculations/stage1/B6_rectangular_planar_d1.80_q0_m3_R2SCAN-3C/B6_rectangular_planar_d1.80_q0_m3_R2SCAN-3C.out
B6_random_3d_seed1002_d2.20_q0_m3_R2SCAN-3C,random_3d_seed1002,2.2,0,3,R2SCAN-3C,,-148.700588970396,1.16350933,True,True,,,,False,calculations/stage1/B6_random_3d_seed1002_d2.20_q0_m3_R2SCAN-3C/B6_random_3d_seed1002_d2.20_q0_m3_R2SCAN-3C_optimized.xyz,calculations/stage1/B6_random_3d_seed1002_d2.20_q0_m3_R2SCAN-3C/B6_random_3d_seed1002_d2.20_q0_m3_R2SCAN-3C.out
B6_random_3d_seed1002_d2.50_q0_m3_R2SCAN-3C,random_3d_seed1002,2.5,0,3,R2SCAN-3C,,-148.700587998185,1.16353578,True,True,,,,False,calculations/stage1/B6_random_3d_seed1002_d2.50_q0_m3_R2SCAN-3C/B6_random_3d_seed1002_d2.50_q0_m3_R2SCAN-3C_optimized.xyz,calculations/stage1/B6_random_3d_seed1002_d2.50_q0_m3_R2SCAN-3C/B6_random_3d_seed1002_d2.50_q0_m3_R2SCAN-3C.out
B6_random_3d_seed1002_d3.00_q0_m3_R2SCAN-3C,random_3d_seed1002,3.0,0,3,R2SCAN-3C,,-148.700582716793,1.16367950,True,True,,,,False,calculations/stage1/B6_random_3d_seed1002_d3.00_q0_m3_R2SCAN-3C/B6_random_3d_seed1002_d3.00_q0_m3_R2SCAN-3C_optimized.xyz,calculations/stage1/B6_random_3d_seed1002_d3.00_q0_m3_R2SCAN-3C/B6_random_3d_seed1002_d3.00_q0_m3_R2SCAN-3C.out
B6_random_3d_seed1000_d2.00_q0_m3_R2SCAN-3C,random_3d_seed1000,2.0,0,3,R2SCAN-3C,,-148.700573291238,1.16393598,True,True,,,,False,calculations/stage1/B6_random_3d_seed1000_d2.00_q0_m3_R2SCAN-3C/B6_random_3d_seed1000_d2.00_q0_m3_R2SCAN-3C_optimized.xyz,calculations/stage1/B6_random_3d_seed1000_d2.00_q0_m3_R2SCAN-3C/B6_random_3d_seed1000_d2.00_q0_m3_R2SCAN-3C.out
B6_random_3d_seed1004_d2.50_q0_m3_R2SCAN-3C,random_3d_seed1004,2.5,0,3,R2SCAN-3C,,-148.700570322165,1.16401677,True,True,,,,False,calculations/stage1/B6_random_3d_seed1004_d2.50_q0_m3_R2SCAN-3C/B6_random_3d_seed1004_d2.50_q0_m3_R2SCAN-3C_optimized.xyz,calculations/stage1/B6_random_3d_seed1004_d2.50_q0_m3_R2SCAN-3C/B6_random_3d_seed1004_d2.50_q0_m3_R2SCAN-3C.out
B6_random_3d_seed1004_d2.20_q0_m3_R2SCAN-3C,random_3d_seed1004,2.2,0,3,R2SCAN-3C,,-148.700570240261,1.16401900,True,True,,,,False,calculations/stage1/B6_random_3d_seed1004_d2.20_q0_m3_R2SCAN-3C/B6_random_3d_seed1004_d2.20_q0_m3_R2SCAN-3C_optimized.xyz,calculations/stage1/B6_random_3d_seed1004_d2.20_q0_m3_R2SCAN-3C/B6_random_3d_seed1004_d2.20_q0_m3_R2SCAN-3C.out
B6_random_3d_seed1004_d2.00_q0_m3_R2SCAN-3C,random_3d_seed1004,2.0,0,3,R2SCAN-3C,,-148.700570227450,1.16401935,True,True,,,,False,calculations/stage1/B6_random_3d_seed1004_d2.00_q0_m3_R2SCAN-3C/B6_random_3d_seed1004_d2.00_q0_m3_R2SCAN-3C_optimized.xyz,calculations/stage1/B6_random_3d_seed1004_d2.00_q0_m3_R2SCAN-3C/B6_random_3d_seed1004_d2.00_q0_m3_R2SCAN-3C.out
B6_random_3d_seed1004_d3.00_q0_m3_R2SCAN-3C,random_3d_seed1004,3.0,0,3,R2SCAN-3C,,-148.700570048859,1.16402421,True,True,,,,False,calculations/stage1/B6_random_3d_seed1004_d3.00_q0_m3_R2SCAN-3C/B6_random_3d_seed1004_d3.00_q0_m3_R2SCAN-3C_optimized.xyz,calculations/stage1/B6_random_3d_seed1004_d3.00_q0_m3_R2SCAN-3C/B6_random_3d_seed1004_d3.00_q0_m3_R2SCAN-3C.out
B6_random_3d_seed1004_d1.80_q0_m3_R2SCAN-3C,random_3d_seed1004,1.8,0,3,R2SCAN-3C,,-148.700569351199,1.16404319,True,True,,,,False,calculations/stage1/B6_random_3d_seed1004_d1.80_q0_m3_R2SCAN-3C/B6_random_3d_seed1004_d1.80_q0_m3_R2SCAN-3C_optimized.xyz,calculations/stage1/B6_random_3d_seed1004_d1.80_q0_m3_R2SCAN-3C/B6_random_3d_seed1004_d1.80_q0_m3_R2SCAN-3C.out
B6_random_3d_seed1004_d1.60_q0_m3_R2SCAN-3C,random_3d_seed1004,1.6,0,3,R2SCAN-3C,,-148.700569143830,1.16404884,True,True,,,,False,calculations/stage1/B6_random_3d_seed1004_d1.60_q0_m3_R2SCAN-3C/B6_random_3d_seed1004_d1.60_q0_m3_R2SCAN-3C_optimized.xyz,calculations/stage1/B6_random_3d_seed1004_d1.60_q0_m3_R2SCAN-3C/B6_random_3d_seed1004_d1.60_q0_m3_R2SCAN-3C.out
B6_trigonal_prism_d3.50_q0_m3_R2SCAN-3C,trigonal_prism,3.5,0,3,R2SCAN-3C,,-148.700567943490,1.16408150,True,True,,,,False,calculations/stage1/B6_trigonal_prism_d3.50_q0_m3_R2SCAN-3C/B6_trigonal_prism_d3.50_q0_m3_R2SCAN-3C_optimized.xyz,calculations/stage1/B6_trigonal_prism_d3.50_q0_m3_R2SCAN-3C/B6_trigonal_prism_d3.50_q0_m3_R2SCAN-3C.out
B6_random_3d_seed1002_d2.00_q0_m3_R2SCAN-3C,random_3d_seed1002,2.0,0,3,R2SCAN-3C,,-148.700565588234,1.16414559,True,True,,,,False,calculations/stage1/B6_random_3d_seed1002_d2.00_q0_m3_R2SCAN-3C/B6_random_3d_seed1002_d2.00_q0_m3_R2SCAN-3C_optimized.xyz,calculations/stage1/B6_random_3d_seed1002_d2.00_q0_m3_R2SCAN-3C/B6_random_3d_seed1002_d2.00_q0_m3_R2SCAN-3C.out
B6_random_3d_seed1002_d1.60_q0_m3_R2SCAN-3C,random_3d_seed1002,1.6,0,3,R2SCAN-3C,,-148.700562889246,1.16421903,True,True,,,,False,calculations/stage1/B6_random_3d_seed1002_d1.60_q0_m3_R2SCAN-3C/B6_random_3d_seed1002_d1.60_q0_m3_R2SCAN-3C_optimized.xyz,calculations/stage1/B6_random_3d_seed1002_d1.60_q0_m3_R2SCAN-3C/B6_random_3d_seed1002_d1.60_q0_m3_R2SCAN-3C.out
B6_compact_planar_triangle_d2.50_q0_m3_R2SCAN-3C,compact_planar_triangle,2.5,0,3,R2SCAN-3C,,-148.699661927371,1.18873545,True,True,,,,False,calculations/stage1/B6_compact_planar_triangle_d2.50_q0_m3_R2SCAN-3C/B6_compact_planar_triangle_d2.50_q0_m3_R2SCAN-3C_optimized.xyz,calculations/stage1/B6_compact_planar_triangle_d2.50_q0_m3_R2SCAN-3C/B6_compact_planar_triangle_d2.50_q0_m3_R2SCAN-3C.out
B6_compact_planar_triangle_d3.00_q0_m3_R2SCAN-3C,compact_planar_triangle,3.0,0,3,R2SCAN-3C,,-148.699661851692,1.18873751,True,True,,,,False,calculations/stage1/B6_compact_planar_triangle_d3.00_q0_m3_R2SCAN-3C/B6_compact_planar_triangle_d3.00_q0_m3_R2SCAN-3C_optimized.xyz,calculations/stage1/B6_compact_planar_triangle_d3.00_q0_m3_R2SCAN-3C/B6_compact_planar_triangle_d3.00_q0_m3_R2SCAN-3C.out
B6_rhombic_planar_d1.60_q0_m1_R2SCAN-3C,rhombic_planar,1.6,0,1,R2SCAN-3C,,-148.697523533753,1.24692411,True,True,,,,False,calculations/stage1/B6_rhombic_planar_d1.60_q0_m1_R2SCAN-3C/B6_rhombic_planar_d1.60_q0_m1_R2SCAN-3C_optimized.xyz,calculations/stage1/B6_rhombic_planar_d1.60_q0_m1_R2SCAN-3C/B6_rhombic_planar_d1.60_q0_m1_R2SCAN-3C.out
B6_random_3d_seed1002_d3.50_q0_m5_R2SCAN-3C,random_3d_seed1002,3.5,0,5,R2SCAN-3C,,-148.696374246400,1.27819781,True,True,,,,False,calculations/stage1/B6_random_3d_seed1002_d3.50_q0_m5_R2SCAN-3C/B6_random_3d_seed1002_d3.50_q0_m5_R2SCAN-3C_optimized.xyz,calculations/stage1/B6_random_3d_seed1002_d3.50_q0_m5_R2SCAN-3C/B6_random_3d_seed1002_d3.50_q0_m5_R2SCAN-3C.out
B6_rhombic_planar_d3.00_q0_m5_R2SCAN-3C,rhombic_planar,3.0,0,5,R2SCAN-3C,,-148.696368021056,1.27836721,True,True,,,,False,calculations/stage1/B6_rhombic_planar_d3.00_q0_m5_R2SCAN-3C/B6_rhombic_planar_d3.00_q0_m5_R2SCAN-3C_optimized.xyz,calculations/stage1/B6_rhombic_planar_d3.00_q0_m5_R2SCAN-3C/B6_rhombic_planar_d3.00_q0_m5_R2SCAN-3C.out
B6_rhombic_planar_d2.00_q0_m5_R2SCAN-3C,rhombic_planar,2.0,0,5,R2SCAN-3C,,-148.696365865756,1.27842586,True,True,,,,False,calculations/stage1/B6_rhombic_planar_d2.00_q0_m5_R2SCAN-3C/B6_rhombic_planar_d2.00_q0_m5_R2SCAN-3C_optimized.xyz,calculations/stage1/B6_rhombic_planar_d2.00_q0_m5_R2SCAN-3C/B6_rhombic_planar_d2.00_q0_m5_R2SCAN-3C.out
B6_rhombic_planar_d2.20_q0_m5_R2SCAN-3C,rhombic_planar,2.2,0,5,R2SCAN-3C,,-148.696365852361,1.27842622,True,True,,,,False,calculations/stage1/B6_rhombic_planar_d2.20_q0_m5_R2SCAN-3C/B6_rhombic_planar_d2.20_q0_m5_R2SCAN-3C_optimized.xyz,calculations/stage1/B6_rhombic_planar_d2.20_q0_m5_R2SCAN-3C/B6_rhombic_planar_d2.20_q0_m5_R2SCAN-3C.out
B6_rhombic_planar_d1.80_q0_m5_R2SCAN-3C,rhombic_planar,1.8,0,5,R2SCAN-3C,,-148.696365811499,1.27842734,True,True,,,,False,calculations/stage1/B6_rhombic_planar_d1.80_q0_m5_R2SCAN-3C/B6_rhombic_planar_d1.80_q0_m5_R2SCAN-3C_optimized.xyz,calculations/stage1/B6_rhombic_planar_d1.80_q0_m5_R2SCAN-3C/B6_rhombic_planar_d1.80_q0_m5_R2SCAN-3C.out
B6_rhombic_planar_d1.60_q0_m5_R2SCAN-3C,rhombic_planar,1.6,0,5,R2SCAN-3C,,-148.696365803765,1.27842755,True,True,,,,False,calculations/stage1/B6_rhombic_planar_d1.60_q0_m5_R2SCAN-3C/B6_rhombic_planar_d1.60_q0_m5_R2SCAN-3C_optimized.xyz,calculations/stage1/B6_rhombic_planar_d1.60_q0_m5_R2SCAN-3C/B6_rhombic_planar_d1.60_q0_m5_R2SCAN-3C.out
B6_random_3d_seed1000_d3.00_q0_m5_R2SCAN-3C,random_3d_seed1000,3.0,0,5,R2SCAN-3C,,-148.696358788088,1.27861845,True,True,,,,False,calculations/stage1/B6_random_3d_seed1000_d3.00_q0_m5_R2SCAN-3C/B6_random_3d_seed1000_d3.00_q0_m5_R2SCAN-3C_optimized.xyz,calculations/stage1/B6_random_3d_seed1000_d3.00_q0_m5_R2SCAN-3C/B6_random_3d_seed1000_d3.00_q0_m5_R2SCAN-3C.out
B6_random_3d_seed1000_d2.50_q0_m5_R2SCAN-3C,random_3d_seed1000,2.5,0,5,R2SCAN-3C,,-148.696357682434,1.27864854,True,True,,,,False,calculations/stage1/B6_random_3d_seed1000_d2.50_q0_m5_R2SCAN-3C/B6_random_3d_seed1000_d2.50_q0_m5_R2SCAN-3C_optimized.xyz,calculations/stage1/B6_random_3d_seed1000_d2.50_q0_m5_R2SCAN-3C/B6_random_3d_seed1000_d2.50_q0_m5_R2SCAN-3C.out
B6_octahedral_3d_d2.00_q0_m3_R2SCAN-3C,octahedral_3d,2.0,0,3,R2SCAN-3C,,-148.696303344346,1.28012715,True,True,,,,False,calculations/stage1/B6_octahedral_3d_d2.00_q0_m3_R2SCAN-3C/B6_octahedral_3d_d2.00_q0_m3_R2SCAN-3C_optimized.xyz,calculations/stage1/B6_octahedral_3d_d2.00_q0_m3_R2SCAN-3C/B6_octahedral_3d_d2.00_q0_m3_R2SCAN-3C.out
B6_octahedral_3d_d1.60_q0_m3_R2SCAN-3C,octahedral_3d,1.6,0,3,R2SCAN-3C,,-148.696303343644,1.28012717,True,True,,,,False,calculations/stage1/B6_octahedral_3d_d1.60_q0_m3_R2SCAN-3C/B6_octahedral_3d_d1.60_q0_m3_R2SCAN-3C_optimized.xyz,calculations/stage1/B6_octahedral_3d_d1.60_q0_m3_R2SCAN-3C/B6_octahedral_3d_d1.60_q0_m3_R2SCAN-3C.out
B6_octahedral_3d_d1.80_q0_m3_R2SCAN-3C,octahedral_3d,1.8,0,3,R2SCAN-3C,,-148.696303342982,1.28012719,True,True,,,,False,calculations/stage1/B6_octahedral_3d_d1.80_q0_m3_R2SCAN-3C/B6_octahedral_3d_d1.80_q0_m3_R2SCAN-3C_optimized.xyz,calculations/stage1/B6_octahedral_3d_d1.80_q0_m3_R2SCAN-3C/B6_octahedral_3d_d1.80_q0_m3_R2SCAN-3C.out
B6_octahedral_3d_d2.20_q0_m3_R2SCAN-3C,octahedral_3d,2.2,0,3,R2SCAN-3C,,-148.696303335783,1.28012739,True,True,,,,False,calculations/stage1/B6_octahedral_3d_d2.20_q0_m3_R2SCAN-3C/B6_octahedral_3d_d2.20_q0_m3_R2SCAN-3C_optimized.xyz,calculations/stage1/B6_octahedral_3d_d2.20_q0_m3_R2SCAN-3C/B6_octahedral_3d_d2.20_q0_m3_R2SCAN-3C.out
B6_octahedral_3d_d2.50_q0_m3_R2SCAN-3C,octahedral_3d,2.5,0,3,R2SCAN-3C,,-148.696303332349,1.28012748,True,True,,,,False,calculations/stage1/B6_octahedral_3d_d2.50_q0_m3_R2SCAN-3C/B6_octahedral_3d_d2.50_q0_m3_R2SCAN-3C_optimized.xyz,calculations/stage1/B6_octahedral_3d_d2.50_q0_m3_R2SCAN-3C/B6_octahedral_3d_d2.50_q0_m3_R2SCAN-3C.out
B6_octahedral_3d_d3.00_q0_m3_R2SCAN-3C,octahedral_3d,3.0,0,3,R2SCAN-3C,,-148.696303079726,1.28013435,True,True,,,,False,calculations/stage1/B6_octahedral_3d_d3.00_q0_m3_R2SCAN-3C/B6_octahedral_3d_d3.00_q0_m3_R2SCAN-3C_optimized.xyz,calculations/stage1/B6_octahedral_3d_d3.00_q0_m3_R2SCAN-3C/B6_octahedral_3d_d3.00_q0_m3_R2SCAN-3C.out
B6_octahedral_3d_d3.50_q0_m3_R2SCAN-3C,octahedral_3d,3.5,0,3,R2SCAN-3C,,-148.696302141055,1.28015990,True,True,,,,False,calculations/stage1/B6_octahedral_3d_d3.50_q0_m3_R2SCAN-3C/B6_octahedral_3d_d3.50_q0_m3_R2SCAN-3C_optimized.xyz,calculations/stage1/B6_octahedral_3d_d3.50_q0_m3_R2SCAN-3C/B6_octahedral_3d_d3.50_q0_m3_R2SCAN-3C.out
B6_rhombic_planar_d2.50_q0_m5_R2SCAN-3C,rhombic_planar,2.5,0,5,R2SCAN-3C,,-148.696257273214,1.28138081,True,True,,,,False,calculations/stage1/B6_rhombic_planar_d2.50_q0_m5_R2SCAN-3C/B6_rhombic_planar_d2.50_q0_m5_R2SCAN-3C_optimized.xyz,calculations/stage1/B6_rhombic_planar_d2.50_q0_m5_R2SCAN-3C/B6_rhombic_planar_d2.50_q0_m5_R2SCAN-3C.out
B6_random_3d_seed1001_d3.50_q0_m3_R2SCAN-3C,random_3d_seed1001,3.5,0,3,R2SCAN-3C,,-148.696214213669,1.28255252,True,True,,,,False,calculations/stage1/B6_random_3d_seed1001_d3.50_q0_m3_R2SCAN-3C/B6_random_3d_seed1001_d3.50_q0_m3_R2SCAN-3C_optimized.xyz,calculations/stage1/B6_random_3d_seed1001_d3.50_q0_m3_R2SCAN-3C/B6_random_3d_seed1001_d3.50_q0_m3_R2SCAN-3C.out
B6_random_3d_seed1001_d2.00_q0_m3_R2SCAN-3C,random_3d_seed1001,2.0,0,3,R2SCAN-3C,,-148.696209811525,1.28267231,True,True,,,,False,calculations/stage1/B6_random_3d_seed1001_d2.00_q0_m3_R2SCAN-3C/B6_random_3d_seed1001_d2.00_q0_m3_R2SCAN-3C_optimized.xyz,calculations/stage1/B6_random_3d_seed1001_d2.00_q0_m3_R2SCAN-3C/B6_random_3d_seed1001_d2.00_q0_m3_R2SCAN-3C.out
B6_random_3d_seed1001_d1.60_q0_m3_R2SCAN-3C,random_3d_seed1001,1.6,0,3,R2SCAN-3C,,-148.696209147405,1.28269038,True,True,,,,False,calculations/stage1/B6_random_3d_seed1001_d1.60_q0_m3_R2SCAN-3C/B6_random_3d_seed1001_d1.60_q0_m3_R2SCAN-3C_optimized.xyz,calculations/stage1/B6_random_3d_seed1001_d1.60_q0_m3_R2SCAN-3C/B6_random_3d_seed1001_d1.60_q0_m3_R2SCAN-3C.out
B6_random_3d_seed1001_d1.80_q0_m3_R2SCAN-3C,random_3d_seed1001,1.8,0,3,R2SCAN-3C,,-148.696208917213,1.28269665,True,True,,,,False,calculations/stage1/B6_random_3d_seed1001_d1.80_q0_m3_R2SCAN-3C/B6_random_3d_seed1001_d1.80_q0_m3_R2SCAN-3C_optimized.xyz,calculations/stage1/B6_random_3d_seed1001_d1.80_q0_m3_R2SCAN-3C/B6_random_3d_seed1001_d1.80_q0_m3_R2SCAN-3C.out
B6_random_3d_seed1003_d3.00_q0_m3_R2SCAN-3C,random_3d_seed1003,3.0,0,3,R2SCAN-3C,,-148.696207045420,1.28274758,True,True,,,,False,calculations/stage1/B6_random_3d_seed1003_d3.00_q0_m3_R2SCAN-3C/B6_random_3d_seed1003_d3.00_q0_m3_R2SCAN-3C_optimized.xyz,calculations/stage1/B6_random_3d_seed1003_d3.00_q0_m3_R2SCAN-3C/B6_random_3d_seed1003_d3.00_q0_m3_R2SCAN-3C.out
B6_random_3d_seed1001_d2.20_q0_m3_R2SCAN-3C,random_3d_seed1001,2.2,0,3,R2SCAN-3C,,-148.696205962395,1.28277705,True,True,,,,False,calculations/stage1/B6_random_3d_seed1001_d2.20_q0_m3_R2SCAN-3C/B6_random_3d_seed1001_d2.20_q0_m3_R2SCAN-3C_optimized.xyz,calculations/stage1/B6_random_3d_seed1001_d2.20_q0_m3_R2SCAN-3C/B6_random_3d_seed1001_d2.20_q0_m3_R2SCAN-3C.out
B6_random_3d_seed1003_d1.80_q0_m3_R2SCAN-3C,random_3d_seed1003,1.8,0,3,R2SCAN-3C,,-148.696205634308,1.28278598,True,True,,,,False,calculations/stage1/B6_random_3d_seed1003_d1.80_q0_m3_R2SCAN-3C/B6_random_3d_seed1003_d1.80_q0_m3_R2SCAN-3C_optimized.xyz,calculations/stage1/B6_random_3d_seed1003_d1.80_q0_m3_R2SCAN-3C/B6_random_3d_seed1003_d1.80_q0_m3_R2SCAN-3C.out
B6_random_3d_seed1003_d1.60_q0_m3_R2SCAN-3C,random_3d_seed1003,1.6,0,3,R2SCAN-3C,,-148.696205450883,1.28279097,True,True,,,,False,calculations/stage1/B6_random_3d_seed1003_d1.60_q0_m3_R2SCAN-3C/B6_random_3d_seed1003_d1.60_q0_m3_R2SCAN-3C_optimized.xyz,calculations/stage1/B6_random_3d_seed1003_d1.60_q0_m3_R2SCAN-3C/B6_random_3d_seed1003_d1.60_q0_m3_R2SCAN-3C.out
B6_random_3d_seed1003_d2.20_q0_m3_R2SCAN-3C,random_3d_seed1003,2.2,0,3,R2SCAN-3C,,-148.696205073701,1.28280123,True,True,,,,False,calculations/stage1/B6_random_3d_seed1003_d2.20_q0_m3_R2SCAN-3C/B6_random_3d_seed1003_d2.20_q0_m3_R2SCAN-3C_optimized.xyz,calculations/stage1/B6_random_3d_seed1003_d2.20_q0_m3_R2SCAN-3C/B6_random_3d_seed1003_d2.20_q0_m3_R2SCAN-3C.out
B6_random_3d_seed1003_d2.50_q0_m3_R2SCAN-3C,random_3d_seed1003,2.5,0,3,R2SCAN-3C,,-148.696204367462,1.28282045,True,True,,,,False,calculations/stage1/B6_random_3d_seed1003_d2.50_q0_m3_R2SCAN-3C/B6_random_3d_seed1003_d2.50_q0_m3_R2SCAN-3C_optimized.xyz,calculations/stage1/B6_random_3d_seed1003_d2.50_q0_m3_R2SCAN-3C/B6_random_3d_seed1003_d2.50_q0_m3_R2SCAN-3C.out
B6_random_3d_seed1003_d3.50_q0_m3_R2SCAN-3C,random_3d_seed1003,3.5,0,3,R2SCAN-3C,,-148.696202533710,1.28287035,True,True,,,,False,calculations/stage1/B6_random_3d_seed1003_d3.50_q0_m3_R2SCAN-3C/B6_random_3d_seed1003_d3.50_q0_m3_R2SCAN-3C_optimized.xyz,calculations/stage1/B6_random_3d_seed1003_d3.50_q0_m3_R2SCAN-3C/B6_random_3d_seed1003_d3.50_q0_m3_R2SCAN-3C.out
B6_random_3d_seed1003_d2.00_q0_m3_R2SCAN-3C,random_3d_seed1003,2.0,0,3,R2SCAN-3C,,-148.696202471532,1.28287204,True,True,,,,False,calculations/stage1/B6_random_3d_seed1003_d2.00_q0_m3_R2SCAN-3C/B6_random_3d_seed1003_d2.00_q0_m3_R2SCAN-3C_optimized.xyz,calculations/stage1/B6_random_3d_seed1003_d2.00_q0_m3_R2SCAN-3C/B6_random_3d_seed1003_d2.00_q0_m3_R2SCAN-3C.out
B6_random_3d_seed1001_d2.50_q0_m3_R2SCAN-3C,random_3d_seed1001,2.5,0,3,R2SCAN-3C,,-148.696202330841,1.28287587,True,True,,,,False,calculations/stage1/B6_random_3d_seed1001_d2.50_q0_m3_R2SCAN-3C/B6_random_3d_seed1001_d2.50_q0_m3_R2SCAN-3C_optimized.xyz,calculations/stage1/B6_random_3d_seed1001_d2.50_q0_m3_R2SCAN-3C/B6_random_3d_seed1001_d2.50_q0_m3_R2SCAN-3C.out
B6_random_3d_seed1001_d3.00_q0_m3_R2SCAN-3C,random_3d_seed1001,3.0,0,3,R2SCAN-3C,,-148.696202179011,1.28288000,True,True,,,,False,calculations/stage1/B6_random_3d_seed1001_d3.00_q0_m3_R2SCAN-3C/B6_random_3d_seed1001_d3.00_q0_m3_R2SCAN-3C_optimized.xyz,calculations/stage1/B6_random_3d_seed1001_d3.00_q0_m3_R2SCAN-3C/B6_random_3d_seed1001_d3.00_q0_m3_R2SCAN-3C.out
B6_random_3d_seed1002_d1.80_q0_m3_R2SCAN-3C,random_3d_seed1002,1.8,0,3,R2SCAN-3C,,-148.696187854784,1.28326978,True,True,,,,False,calculations/stage1/B6_random_3d_seed1002_d1.80_q0_m3_R2SCAN-3C/B6_random_3d_seed1002_d1.80_q0_m3_R2SCAN-3C_optimized.xyz,calculations/stage1/B6_random_3d_seed1002_d1.80_q0_m3_R2SCAN-3C/B6_random_3d_seed1002_d1.80_q0_m3_R2SCAN-3C.out
B6_random_3d_seed1000_d1.60_q0_m3_R2SCAN-3C,random_3d_seed1000,1.6,0,3,R2SCAN-3C,,-148.696182225807,1.28342296,True,True,,,,False,calculations/stage1/B6_random_3d_seed1000_d1.60_q0_m3_R2SCAN-3C/B6_random_3d_seed1000_d1.60_q0_m3_R2SCAN-3C_optimized.xyz,calculations/stage1/B6_random_3d_seed1000_d1.60_q0_m3_R2SCAN-3C/B6_random_3d_seed1000_d1.60_q0_m3_R2SCAN-3C.out
B6_rhombic_planar_d3.50_q0_m5_R2SCAN-3C,rhombic_planar,3.5,0,5,R2SCAN-3C,,-148.695237739115,1.30912375,True,True,,,,False,calculations/stage1/B6_rhombic_planar_d3.50_q0_m5_R2SCAN-3C/B6_rhombic_planar_d3.50_q0_m5_R2SCAN-3C_optimized.xyz,calculations/stage1/B6_rhombic_planar_d3.50_q0_m5_R2SCAN-3C/B6_rhombic_planar_d3.50_q0_m5_R2SCAN-3C.out
B6_rectangular_planar_d2.50_q0_m5_R2SCAN-3C,rectangular_planar,2.5,0,5,R2SCAN-3C,,-148.695229836493,1.30933879,True,True,,,,False,calculations/stage1/B6_rectangular_planar_d2.50_q0_m5_R2SCAN-3C/B6_rectangular_planar_d2.50_q0_m5_R2SCAN-3C_optimized.xyz,calculations/stage1/B6_rectangular_planar_d2.50_q0_m5_R2SCAN-3C/B6_rectangular_planar_d2.50_q0_m5_R2SCAN-3C.out
B6_rectangular_planar_d3.00_q0_m5_R2SCAN-3C,rectangular_planar,3.0,0,5,R2SCAN-3C,,-148.695228141557,1.30938491,True,True,,,,False,calculations/stage1/B6_rectangular_planar_d3.00_q0_m5_R2SCAN-3C/B6_rectangular_planar_d3.00_q0_m5_R2SCAN-3C_optimized.xyz,calculations/stage1/B6_rectangular_planar_d3.00_q0_m5_R2SCAN-3C/B6_rectangular_planar_d3.00_q0_m5_R2SCAN-3C.out
B6_rectangular_planar_d3.50_q0_m5_R2SCAN-3C,rectangular_planar,3.5,0,5,R2SCAN-3C,,-148.695228132250,1.30938517,True,True,,,,False,calculations/stage1/B6_rectangular_planar_d3.50_q0_m5_R2SCAN-3C/B6_rectangular_planar_d3.50_q0_m5_R2SCAN-3C_optimized.xyz,calculations/stage1/B6_rectangular_planar_d3.50_q0_m5_R2SCAN-3C/B6_rectangular_planar_d3.50_q0_m5_R2SCAN-3C.out
B6_planar_ring_d3.50_q0_m3_R2SCAN-3C,planar_ring,3.5,0,3,R2SCAN-3C,,-148.690985076312,1.42484460,True,True,,,,False,calculations/stage1/B6_planar_ring_d3.50_q0_m3_R2SCAN-3C/B6_planar_ring_d3.50_q0_m3_R2SCAN-3C_optimized.xyz,calculations/stage1/B6_planar_ring_d3.50_q0_m3_R2SCAN-3C/B6_planar_ring_d3.50_q0_m3_R2SCAN-3C.out
B6_compact_planar_triangle_d1.60_q0_m3_R2SCAN-3C,compact_planar_triangle,1.6,0,3,R2SCAN-3C,,-148.690985066863,1.42484486,True,True,,,,False,calculations/stage1/B6_compact_planar_triangle_d1.60_q0_m3_R2SCAN-3C/B6_compact_planar_triangle_d1.60_q0_m3_R2SCAN-3C_optimized.xyz,calculations/stage1/B6_compact_planar_triangle_d1.60_q0_m3_R2SCAN-3C/B6_compact_planar_triangle_d1.60_q0_m3_R2SCAN-3C.out
B6_trigonal_prism_d1.80_q0_m5_R2SCAN-3C,trigonal_prism,1.8,0,5,R2SCAN-3C,,-148.687043756054,1.53209339,True,True,,,,False,calculations/stage1/B6_trigonal_prism_d1.80_q0_m5_R2SCAN-3C/B6_trigonal_prism_d1.80_q0_m5_R2SCAN-3C_optimized.xyz,calculations/stage1/B6_trigonal_prism_d1.80_q0_m5_R2SCAN-3C/B6_trigonal_prism_d1.80_q0_m5_R2SCAN-3C.out
B6_rectangular_planar_d1.60_q0_m1_R2SCAN-3C,rectangular_planar,1.6,0,1,R2SCAN-3C,,-148.683838081357,1.61932424,True,True,,,,False,calculations/stage1/B6_rectangular_planar_d1.60_q0_m1_R2SCAN-3C/B6_rectangular_planar_d1.60_q0_m1_R2SCAN-3C_optimized.xyz,calculations/stage1/B6_rectangular_planar_d1.60_q0_m1_R2SCAN-3C/B6_rectangular_planar_d1.60_q0_m1_R2SCAN-3C.out
B6_rectangular_planar_d1.80_q0_m1_R2SCAN-3C,rectangular_planar,1.8,0,1,R2SCAN-3C,,-148.683837771550,1.61933267,True,True,,,,False,calculations/stage1/B6_rectangular_planar_d1.80_q0_m1_R2SCAN-3C/B6_rectangular_planar_d1.80_q0_m1_R2SCAN-3C_optimized.xyz,calculations/stage1/B6_rectangular_planar_d1.80_q0_m1_R2SCAN-3C/B6_rectangular_planar_d1.80_q0_m1_R2SCAN-3C.out
B6_random_3d_seed1000_d3.50_q0_m5_R2SCAN-3C,random_3d_seed1000,3.5,0,5,R2SCAN-3C,,-148.682418965305,1.65794035,True,True,,,,False,calculations/stage1/B6_random_3d_seed1000_d3.50_q0_m5_R2SCAN-3C/B6_random_3d_seed1000_d3.50_q0_m5_R2SCAN-3C_optimized.xyz,calculations/stage1/B6_random_3d_seed1000_d3.50_q0_m5_R2SCAN-3C/B6_random_3d_seed1000_d3.50_q0_m5_R2SCAN-3C.out
B6_compact_planar_triangle_d3.50_q0_m5_R2SCAN-3C,compact_planar_triangle,3.5,0,5,R2SCAN-3C,,-148.681503030561,1.68286421,True,True,,,,False,calculations/stage1/B6_compact_planar_triangle_d3.50_q0_m5_R2SCAN-3C/B6_compact_planar_triangle_d3.50_q0_m5_R2SCAN-3C_optimized.xyz,calculations/stage1/B6_compact_planar_triangle_d3.50_q0_m5_R2SCAN-3C/B6_compact_planar_triangle_d3.50_q0_m5_R2SCAN-3C.out
B6_compact_planar_triangle_d3.00_q0_m5_R2SCAN-3C,compact_planar_triangle,3.0,0,5,R2SCAN-3C,,-148.681502451516,1.68287997,True,True,,,,False,calculations/stage1/B6_compact_planar_triangle_d3.00_q0_m5_R2SCAN-3C/B6_compact_planar_triangle_d3.00_q0_m5_R2SCAN-3C_optimized.xyz,calculations/stage1/B6_compact_planar_triangle_d3.00_q0_m5_R2SCAN-3C/B6_compact_planar_triangle_d3.00_q0_m5_R2SCAN-3C.out
B6_compact_planar_triangle_d2.50_q0_m5_R2SCAN-3C,compact_planar_triangle,2.5,0,5,R2SCAN-3C,,-148.681502438139,1.68288033,True,True,,,,False,calculations/stage1/B6_compact_planar_triangle_d2.50_q0_m5_R2SCAN-3C/B6_compact_planar_triangle_d2.50_q0_m5_R2SCAN-3C_optimized.xyz,calculations/stage1/B6_compact_planar_triangle_d2.50_q0_m5_R2SCAN-3C/B6_compact_planar_triangle_d2.50_q0_m5_R2SCAN-3C.out
B6_compact_planar_triangle_d1.60_q0_m5_R2SCAN-3C,compact_planar_triangle,1.6,0,5,R2SCAN-3C,,-148.680709389723,1.70446028,True,True,,,,False,calculations/stage1/B6_compact_planar_triangle_d1.60_q0_m5_R2SCAN-3C/B6_compact_planar_triangle_d1.60_q0_m5_R2SCAN-3C_optimized.xyz,calculations/stage1/B6_compact_planar_triangle_d1.60_q0_m5_R2SCAN-3C/B6_compact_planar_triangle_d1.60_q0_m5_R2SCAN-3C.out
B6_compact_planar_triangle_d1.80_q0_m5_R2SCAN-3C,compact_planar_triangle,1.8,0,5,R2SCAN-3C,,-148.680709358735,1.70446112,True,True,,,,False,calculations/stage1/B6_compact_planar_triangle_d1.80_q0_m5_R2SCAN-3C/B6_compact_planar_triangle_d1.80_q0_m5_R2SCAN-3C_optimized.xyz,calculations/stage1/B6_compact_planar_triangle_d1.80_q0_m5_R2SCAN-3C/B6_compact_planar_triangle_d1.80_q0_m5_R2SCAN-3C.out
B6_planar_ring_d1.60_q0_m1_R2SCAN-3C,planar_ring,1.6,0,1,R2SCAN-3C,,-148.677865035791,1.78185909,True,True,,,,False,calculations/stage1/B6_planar_ring_d1.60_q0_m1_R2SCAN-3C/B6_planar_ring_d1.60_q0_m1_R2SCAN-3C_optimized.xyz,calculations/stage1/B6_planar_ring_d1.60_q0_m1_R2SCAN-3C/B6_planar_ring_d1.60_q0_m1_R2SCAN-3C.out
B6_planar_ring_d1.80_q0_m1_R2SCAN-3C,planar_ring,1.8,0,1,R2SCAN-3C,,-148.677865034019,1.78185914,True,True,,,,False,calculations/stage1/B6_planar_ring_d1.80_q0_m1_R2SCAN-3C/B6_planar_ring_d1.80_q0_m1_R2SCAN-3C_optimized.xyz,calculations/stage1/B6_planar_ring_d1.80_q0_m1_R2SCAN-3C/B6_planar_ring_d1.80_q0_m1_R2SCAN-3C.out
B6_random_3d_seed1003_d3.00_q0_m5_R2SCAN-3C,random_3d_seed1003,3.0,0,5,R2SCAN-3C,,-148.669780165771,2.00185961,True,True,,,,False,calculations/stage1/B6_random_3d_seed1003_d3.00_q0_m5_R2SCAN-3C/B6_random_3d_seed1003_d3.00_q0_m5_R2SCAN-3C_optimized.xyz,calculations/stage1/B6_random_3d_seed1003_d3.00_q0_m5_R2SCAN-3C/B6_random_3d_seed1003_d3.00_q0_m5_R2SCAN-3C.out
B6_random_3d_seed1003_d3.50_q0_m5_R2SCAN-3C,random_3d_seed1003,3.5,0,5,R2SCAN-3C,,-148.669771881879,2.00208503,True,True,,,,False,calculations/stage1/B6_random_3d_seed1003_d3.50_q0_m5_R2SCAN-3C/B6_random_3d_seed1003_d3.50_q0_m5_R2SCAN-3C_optimized.xyz,calculations/stage1/B6_random_3d_seed1003_d3.50_q0_m5_R2SCAN-3C/B6_random_3d_seed1003_d3.50_q0_m5_R2SCAN-3C.out
B6_random_3d_seed1000_d1.60_q0_m5_R2SCAN-3C,random_3d_seed1000,1.6,0,5,R2SCAN-3C,,-148.669771208905,2.00210334,True,True,,,,False,calculations/stage1/B6_random_3d_seed1000_d1.60_q0_m5_R2SCAN-3C/B6_random_3d_seed1000_d1.60_q0_m5_R2SCAN-3C_optimized.xyz,calculations/stage1/B6_random_3d_seed1000_d1.60_q0_m5_R2SCAN-3C/B6_random_3d_seed1000_d1.60_q0_m5_R2SCAN-3C.out
B6_random_3d_seed1002_d2.00_q0_m5_R2SCAN-3C,random_3d_seed1002,2.0,0,5,R2SCAN-3C,,-148.669770541714,2.00212149,True,True,,,,False,calculations/stage1/B6_random_3d_seed1002_d2.00_q0_m5_R2SCAN-3C/B6_random_3d_seed1002_d2.00_q0_m5_R2SCAN-3C_optimized.xyz,calculations/stage1/B6_random_3d_seed1002_d2.00_q0_m5_R2SCAN-3C/B6_random_3d_seed1002_d2.00_q0_m5_R2SCAN-3C.out
B6_random_3d_seed1002_d1.80_q0_m5_R2SCAN-3C,random_3d_seed1002,1.8,0,5,R2SCAN-3C,,-148.669770253416,2.00212934,True,True,,,,False,calculations/stage1/B6_random_3d_seed1002_d1.80_q0_m5_R2SCAN-3C/B6_random_3d_seed1002_d1.80_q0_m5_R2SCAN-3C_optimized.xyz,calculations/stage1/B6_random_3d_seed1002_d1.80_q0_m5_R2SCAN-3C/B6_random_3d_seed1002_d1.80_q0_m5_R2SCAN-3C.out
B6_random_3d_seed1002_d2.20_q0_m5_R2SCAN-3C,random_3d_seed1002,2.2,0,5,R2SCAN-3C,,-148.669769682325,2.00214488,True,True,,,,False,calculations/stage1/B6_random_3d_seed1002_d2.20_q0_m5_R2SCAN-3C/B6_random_3d_seed1002_d2.20_q0_m5_R2SCAN-3C_optimized.xyz,calculations/stage1/B6_random_3d_seed1002_d2.20_q0_m5_R2SCAN-3C/B6_random_3d_seed1002_d2.20_q0_m5_R2SCAN-3C.out
B6_random_3d_seed1002_d2.50_q0_m5_R2SCAN-3C,random_3d_seed1002,2.5,0,5,R2SCAN-3C,,-148.669768877566,2.00216678,True,True,,,,False,calculations/stage1/B6_random_3d_seed1002_d2.50_q0_m5_R2SCAN-3C/B6_random_3d_seed1002_d2.50_q0_m5_R2SCAN-3C_optimized.xyz,calculations/stage1/B6_random_3d_seed1002_d2.50_q0_m5_R2SCAN-3C/B6_random_3d_seed1002_d2.50_q0_m5_R2SCAN-3C.out
B6_random_3d_seed1002_d3.00_q0_m5_R2SCAN-3C,random_3d_seed1002,3.0,0,5,R2SCAN-3C,,-148.669768449462,2.00217843,True,True,,,,False,calculations/stage1/B6_random_3d_seed1002_d3.00_q0_m5_R2SCAN-3C/B6_random_3d_seed1002_d3.00_q0_m5_R2SCAN-3C_optimized.xyz,calculations/stage1/B6_random_3d_seed1002_d3.00_q0_m5_R2SCAN-3C/B6_random_3d_seed1002_d3.00_q0_m5_R2SCAN-3C.out
B6_random_3d_seed1004_d3.50_q0_m5_R2SCAN-3C,random_3d_seed1004,3.5,0,5,R2SCAN-3C,,-148.669768393058,2.00217996,True,True,,,,False,calculations/stage1/B6_random_3d_seed1004_d3.50_q0_m5_R2SCAN-3C/B6_random_3d_seed1004_d3.50_q0_m5_R2SCAN-3C_optimized.xyz,calculations/stage1/B6_random_3d_seed1004_d3.50_q0_m5_R2SCAN-3C/B6_random_3d_seed1004_d3.50_q0_m5_R2SCAN-3C.out
B6_random_3d_seed1000_d2.20_q0_m5_R2SCAN-3C,random_3d_seed1000,2.2,0,5,R2SCAN-3C,,-148.669767415455,2.00220656,True,True,,,,False,calculations/stage1/B6_random_3d_seed1000_d2.20_q0_m5_R2SCAN-3C/B6_random_3d_seed1000_d2.20_q0_m5_R2SCAN-3C_optimized.xyz,calculations/stage1/B6_random_3d_seed1000_d2.20_q0_m5_R2SCAN-3C/B6_random_3d_seed1000_d2.20_q0_m5_R2SCAN-3C.out
B6_random_3d_seed1004_d1.60_q0_m5_R2SCAN-3C,random_3d_seed1004,1.6,0,5,R2SCAN-3C,,-148.669767311050,2.00220941,True,True,,,,False,calculations/stage1/B6_random_3d_seed1004_d1.60_q0_m5_R2SCAN-3C/B6_random_3d_seed1004_d1.60_q0_m5_R2SCAN-3C_optimized.xyz,calculations/stage1/B6_random_3d_seed1004_d1.60_q0_m5_R2SCAN-3C/B6_random_3d_seed1004_d1.60_q0_m5_R2SCAN-3C.out
B6_random_3d_seed1000_d1.80_q0_m5_R2SCAN-3C,random_3d_seed1000,1.8,0,5,R2SCAN-3C,,-148.669767134429,2.00221421,True,True,,,,False,calculations/stage1/B6_random_3d_seed1000_d1.80_q0_m5_R2SCAN-3C/B6_random_3d_seed1000_d1.80_q0_m5_R2SCAN-3C_optimized.xyz,calculations/stage1/B6_random_3d_seed1000_d1.80_q0_m5_R2SCAN-3C/B6_random_3d_seed1000_d1.80_q0_m5_R2SCAN-3C.out
B6_random_3d_seed1004_d1.80_q0_m5_R2SCAN-3C,random_3d_seed1004,1.8,0,5,R2SCAN-3C,,-148.669766872019,2.00222135,True,True,,,,False,calculations/stage1/B6_random_3d_seed1004_d1.80_q0_m5_R2SCAN-3C/B6_random_3d_seed1004_d1.80_q0_m5_R2SCAN-3C_optimized.xyz,calculations/stage1/B6_random_3d_seed1004_d1.80_q0_m5_R2SCAN-3C/B6_random_3d_seed1004_d1.80_q0_m5_R2SCAN-3C.out
B6_random_3d_seed1004_d2.50_q0_m5_R2SCAN-3C,random_3d_seed1004,2.5,0,5,R2SCAN-3C,,-148.669763679452,2.00230823,True,True,,,,False,calculations/stage1/B6_random_3d_seed1004_d2.50_q0_m5_R2SCAN-3C/B6_random_3d_seed1004_d2.50_q0_m5_R2SCAN-3C_optimized.xyz,calculations/stage1/B6_random_3d_seed1004_d2.50_q0_m5_R2SCAN-3C/B6_random_3d_seed1004_d2.50_q0_m5_R2SCAN-3C.out
B6_trigonal_prism_d3.00_q0_m5_R2SCAN-3C,trigonal_prism,3.0,0,5,R2SCAN-3C,,-148.669763609922,2.00231012,True,True,,,,False,calculations/stage1/B6_trigonal_prism_d3.00_q0_m5_R2SCAN-3C/B6_trigonal_prism_d3.00_q0_m5_R2SCAN-3C_optimized.xyz,calculations/stage1/B6_trigonal_prism_d3.00_q0_m5_R2SCAN-3C/B6_trigonal_prism_d3.00_q0_m5_R2SCAN-3C.out
B6_random_3d_seed1004_d2.20_q0_m5_R2SCAN-3C,random_3d_seed1004,2.2,0,5,R2SCAN-3C,,-148.669763075780,2.00232465,True,True,,,,False,calculations/stage1/B6_random_3d_seed1004_d2.20_q0_m5_R2SCAN-3C/B6_random_3d_seed1004_d2.20_q0_m5_R2SCAN-3C_optimized.xyz,calculations/stage1/B6_random_3d_seed1004_d2.20_q0_m5_R2SCAN-3C/B6_random_3d_seed1004_d2.20_q0_m5_R2SCAN-3C.out
B6_random_3d_seed1004_d2.00_q0_m5_R2SCAN-3C,random_3d_seed1004,2.0,0,5,R2SCAN-3C,,-148.669762474344,2.00234102,True,True,,,,False,calculations/stage1/B6_random_3d_seed1004_d2.00_q0_m5_R2SCAN-3C/B6_random_3d_seed1004_d2.00_q0_m5_R2SCAN-3C_optimized.xyz,calculations/stage1/B6_random_3d_seed1004_d2.00_q0_m5_R2SCAN-3C/B6_random_3d_seed1004_d2.00_q0_m5_R2SCAN-3C.out
B6_planar_ring_d1.80_q0_m3_R2SCAN-3C,planar_ring,1.8,0,3,R2SCAN-3C,,-148.666121219669,2.10142461,True,True,,,,False,calculations/stage1/B6_planar_ring_d1.80_q0_m3_R2SCAN-3C/B6_planar_ring_d1.80_q0_m3_R2SCAN-3C_optimized.xyz,calculations/stage1/B6_planar_ring_d1.80_q0_m3_R2SCAN-3C/B6_planar_ring_d1.80_q0_m3_R2SCAN-3C.out
B6_planar_ring_d1.60_q0_m3_R2SCAN-3C,planar_ring,1.6,0,3,R2SCAN-3C,,-148.666121182576,2.10142562,True,True,,,,False,calculations/stage1/B6_planar_ring_d1.60_q0_m3_R2SCAN-3C/B6_planar_ring_d1.60_q0_m3_R2SCAN-3C_optimized.xyz,calculations/stage1/B6_planar_ring_d1.60_q0_m3_R2SCAN-3C/B6_planar_ring_d1.60_q0_m3_R2SCAN-3C.out
B6_compact_planar_triangle_d2.00_q0_m3_R2SCAN-3C,compact_planar_triangle,2.0,0,3,R2SCAN-3C,,-148.661215672110,2.23491136,True,True,,,,False,calculations/stage1/B6_compact_planar_triangle_d2.00_q0_m3_R2SCAN-3C/B6_compact_planar_triangle_d2.00_q0_m3_R2SCAN-3C_optimized.xyz,calculations/stage1/B6_compact_planar_triangle_d2.00_q0_m3_R2SCAN-3C/B6_compact_planar_triangle_d2.00_q0_m3_R2SCAN-3C.out
B6_compact_planar_triangle_d2.20_q0_m3_R2SCAN-3C,compact_planar_triangle,2.2,0,3,R2SCAN-3C,,-148.661215647205,2.23491203,True,True,,,,False,calculations/stage1/B6_compact_planar_triangle_d2.20_q0_m3_R2SCAN-3C/B6_compact_planar_triangle_d2.20_q0_m3_R2SCAN-3C_optimized.xyz,calculations/stage1/B6_compact_planar_triangle_d2.20_q0_m3_R2SCAN-3C/B6_compact_planar_triangle_d2.20_q0_m3_R2SCAN-3C.out
B6_compact_planar_triangle_d1.80_q0_m3_R2SCAN-3C,compact_planar_triangle,1.8,0,3,R2SCAN-3C,,-148.661215565606,2.23491425,True,True,,,,False,calculations/stage1/B6_compact_planar_triangle_d1.80_q0_m3_R2SCAN-3C/B6_compact_planar_triangle_d1.80_q0_m3_R2SCAN-3C_optimized.xyz,calculations/stage1/B6_compact_planar_triangle_d1.80_q0_m3_R2SCAN-3C/B6_compact_planar_triangle_d1.80_q0_m3_R2SCAN-3C.out
B6_random_3d_seed1003_d2.00_q0_m1_R2SCAN-3C,random_3d_seed1003,2.0,0,1,R2SCAN-3C,,-148.659859000929,2.27182826,True,True,,,,False,calculations/stage1/B6_random_3d_seed1003_d2.00_q0_m1_R2SCAN-3C/B6_random_3d_seed1003_d2.00_q0_m1_R2SCAN-3C_optimized.xyz,calculations/stage1/B6_random_3d_seed1003_d2.00_q0_m1_R2SCAN-3C/B6_random_3d_seed1003_d2.00_q0_m1_R2SCAN-3C.out
B6_random_3d_seed1003_d1.80_q0_m1_R2SCAN-3C,random_3d_seed1003,1.8,0,1,R2SCAN-3C,,-148.659858540808,2.27184078,True,True,,,,False,calculations/stage1/B6_random_3d_seed1003_d1.80_q0_m1_R2SCAN-3C/B6_random_3d_seed1003_d1.80_q0_m1_R2SCAN-3C_optimized.xyz,calculations/stage1/B6_random_3d_seed1003_d1.80_q0_m1_R2SCAN-3C/B6_random_3d_seed1003_d1.80_q0_m1_R2SCAN-3C.out
B6_random_3d_seed1003_d1.60_q0_m1_R2SCAN-3C,random_3d_seed1003,1.6,0,1,R2SCAN-3C,,-148.659858377036,2.27184524,True,True,,,,False,calculations/stage1/B6_random_3d_seed1003_d1.60_q0_m1_R2SCAN-3C/B6_random_3d_seed1003_d1.60_q0_m1_R2SCAN-3C_optimized.xyz,calculations/stage1/B6_random_3d_seed1003_d1.60_q0_m1_R2SCAN-3C/B6_random_3d_seed1003_d1.60_q0_m1_R2SCAN-3C.out
B6_random_3d_seed1001_d1.60_q0_m1_R2SCAN-3C,random_3d_seed1001,1.6,0,1,R2SCAN-3C,,-148.659857306123,2.27187438,True,True,,,,False,calculations/stage1/B6_random_3d_seed1001_d1.60_q0_m1_R2SCAN-3C/B6_random_3d_seed1001_d1.60_q0_m1_R2SCAN-3C_optimized.xyz,calculations/stage1/B6_random_3d_seed1001_d1.60_q0_m1_R2SCAN-3C/B6_random_3d_seed1001_d1.60_q0_m1_R2SCAN-3C.out
B6_random_3d_seed1001_d1.80_q0_m1_R2SCAN-3C,random_3d_seed1001,1.8,0,1,R2SCAN-3C,,-148.659856923674,2.27188478,True,True,,,,False,calculations/stage1/B6_random_3d_seed1001_d1.80_q0_m1_R2SCAN-3C/B6_random_3d_seed1001_d1.80_q0_m1_R2SCAN-3C_optimized.xyz,calculations/stage1/B6_random_3d_seed1001_d1.80_q0_m1_R2SCAN-3C/B6_random_3d_seed1001_d1.80_q0_m1_R2SCAN-3C.out
B6_random_3d_seed1001_d2.00_q0_m1_R2SCAN-3C,random_3d_seed1001,2.0,0,1,R2SCAN-3C,,-148.659856087946,2.27190753,True,True,,,,False,calculations/stage1/B6_random_3d_seed1001_d2.00_q0_m1_R2SCAN-3C/B6_random_3d_seed1001_d2.00_q0_m1_R2SCAN-3C_optimized.xyz,calculations/stage1/B6_random_3d_seed1001_d2.00_q0_m1_R2SCAN-3C/B6_random_3d_seed1001_d2.00_q0_m1_R2SCAN-3C.out
B6_random_3d_seed1001_d2.20_q0_m1_R2SCAN-3C,random_3d_seed1001,2.2,0,1,R2SCAN-3C,,-148.659855588776,2.27192111,True,True,,,,False,calculations/stage1/B6_random_3d_seed1001_d2.20_q0_m1_R2SCAN-3C/B6_random_3d_seed1001_d2.20_q0_m1_R2SCAN-3C_optimized.xyz,calculations/stage1/B6_random_3d_seed1001_d2.20_q0_m1_R2SCAN-3C/B6_random_3d_seed1001_d2.20_q0_m1_R2SCAN-3C.out
B6_octahedral_3d_d1.80_q0_m1_R2SCAN-3C,octahedral_3d,1.8,0,1,R2SCAN-3C,,-148.659848993237,2.27210058,True,True,,,,False,calculations/stage1/B6_octahedral_3d_d1.80_q0_m1_R2SCAN-3C/B6_octahedral_3d_d1.80_q0_m1_R2SCAN-3C_optimized.xyz,calculations/stage1/B6_octahedral_3d_d1.80_q0_m1_R2SCAN-3C/B6_octahedral_3d_d1.80_q0_m1_R2SCAN-3C.out
B6_octahedral_3d_d1.60_q0_m1_R2SCAN-3C,octahedral_3d,1.6,0,1,R2SCAN-3C,,-148.659848864892,2.27210407,True,True,,,,False,calculations/stage1/B6_octahedral_3d_d1.60_q0_m1_R2SCAN-3C/B6_octahedral_3d_d1.60_q0_m1_R2SCAN-3C_optimized.xyz,calculations/stage1/B6_octahedral_3d_d1.60_q0_m1_R2SCAN-3C/B6_octahedral_3d_d1.60_q0_m1_R2SCAN-3C.out
B6_random_3d_seed1003_d3.50_q0_m1_R2SCAN-3C,random_3d_seed1003,3.5,0,1,R2SCAN-3C,,-148.659848559866,2.27211237,True,True,,,,False,calculations/stage1/B6_random_3d_seed1003_d3.50_q0_m1_R2SCAN-3C/B6_random_3d_seed1003_d3.50_q0_m1_R2SCAN-3C_optimized.xyz,calculations/stage1/B6_random_3d_seed1003_d3.50_q0_m1_R2SCAN-3C/B6_random_3d_seed1003_d3.50_q0_m1_R2SCAN-3C.out
B6_octahedral_3d_d2.00_q0_m1_R2SCAN-3C,octahedral_3d,2.0,0,1,R2SCAN-3C,,-148.659848465458,2.27211494,True,True,,,,False,calculations/stage1/B6_octahedral_3d_d2.00_q0_m1_R2SCAN-3C/B6_octahedral_3d_d2.00_q0_m1_R2SCAN-3C_optimized.xyz,calculations/stage1/B6_octahedral_3d_d2.00_q0_m1_R2SCAN-3C/B6_octahedral_3d_d2.00_q0_m1_R2SCAN-3C.out
B6_random_3d_seed1002_d1.60_q0_m5_R2SCAN-3C,random_3d_seed1002,1.6,0,5,R2SCAN-3C,,-148.658756685459,2.30182379,True,True,,,,False,calculations/stage1/B6_random_3d_seed1002_d1.60_q0_m5_R2SCAN-3C/B6_random_3d_seed1002_d1.60_q0_m5_R2SCAN-3C_optimized.xyz,calculations/stage1/B6_random_3d_seed1002_d1.60_q0_m5_R2SCAN-3C/B6_random_3d_seed1002_d1.60_q0_m5_R2SCAN-3C.out
B6_random_3d_seed1000_d2.00_q0_m5_R2SCAN-3C,random_3d_seed1000,2.0,0,5,R2SCAN-3C,,-148.658740789874,2.30225633,True,True,,,,False,calculations/stage1/B6_random_3d_seed1000_d2.00_q0_m5_R2SCAN-3C/B6_random_3d_seed1000_d2.00_q0_m5_R2SCAN-3C_optimized.xyz,calculations/stage1/B6_random_3d_seed1000_d2.00_q0_m5_R2SCAN-3C/B6_random_3d_seed1000_d2.00_q0_m5_R2SCAN-3C.out
B6_rectangular_planar_d2.00_q0_m3_R2SCAN-3C,rectangular_planar,2.0,0,3,R2SCAN-3C,,-148.656258814628,2.36979432,True,True,,,,False,calculations/stage1/B6_rectangular_planar_d2.00_q0_m3_R2SCAN-3C/B6_rectangular_planar_d2.00_q0_m3_R2SCAN-3C_optimized.xyz,calculations/stage1/B6_rectangular_planar_d2.00_q0_m3_R2SCAN-3C/B6_rectangular_planar_d2.00_q0_m3_R2SCAN-3C.out
B6_compact_planar_triangle_d2.20_q0_m5_R2SCAN-3C,compact_planar_triangle,2.2,0,5,R2SCAN-3C,,-148.650726878104,2.52032598,True,True,,,,False,calculations/stage1/B6_compact_planar_triangle_d2.20_q0_m5_R2SCAN-3C/B6_compact_planar_triangle_d2.20_q0_m5_R2SCAN-3C_optimized.xyz,calculations/stage1/B6_compact_planar_triangle_d2.20_q0_m5_R2SCAN-3C/B6_compact_planar_triangle_d2.20_q0_m5_R2SCAN-3C.out
B6_compact_planar_triangle_d2.00_q0_m5_R2SCAN-3C,compact_planar_triangle,2.0,0,5,R2SCAN-3C,,-148.650726876904,2.52032601,True,True,,,,False,calculations/stage1/B6_compact_planar_triangle_d2.00_q0_m5_R2SCAN-3C/B6_compact_planar_triangle_d2.00_q0_m5_R2SCAN-3C_optimized.xyz,calculations/stage1/B6_compact_planar_triangle_d2.00_q0_m5_R2SCAN-3C/B6_compact_planar_triangle_d2.00_q0_m5_R2SCAN-3C.out
B6_planar_ring_d3.50_q0_m5_R2SCAN-3C,planar_ring,3.5,0,5,R2SCAN-3C,,-148.649584634971,2.55140800,True,True,,,,False,calculations/stage1/B6_planar_ring_d3.50_q0_m5_R2SCAN-3C/B6_planar_ring_d3.50_q0_m5_R2SCAN-3C_optimized.xyz,calculations/stage1/B6_planar_ring_d3.50_q0_m5_R2SCAN-3C/B6_planar_ring_d3.50_q0_m5_R2SCAN-3C.out
B6_planar_ring_d1.80_q0_m5_R2SCAN-3C,planar_ring,1.8,0,5,R2SCAN-3C,,-148.649566572090,2.55189952,True,True,,,,False,calculations/stage1/B6_planar_ring_d1.80_q0_m5_R2SCAN-3C/B6_planar_ring_d1.80_q0_m5_R2SCAN-3C_optimized.xyz,calculations/stage1/B6_planar_ring_d1.80_q0_m5_R2SCAN-3C/B6_planar_ring_d1.80_q0_m5_R2SCAN-3C.out
B6_planar_ring_d2.50_q0_m5_R2SCAN-3C,planar_ring,2.5,0,5,R2SCAN-3C,,-148.649566440162,2.55190311,True,True,,,,False,calculations/stage1/B6_planar_ring_d2.50_q0_m5_R2SCAN-3C/B6_planar_ring_d2.50_q0_m5_R2SCAN-3C_optimized.xyz,calculations/stage1/B6_planar_ring_d2.50_q0_m5_R2SCAN-3C/B6_planar_ring_d2.50_q0_m5_R2SCAN-3C.out
B6_planar_ring_d2.20_q0_m5_R2SCAN-3C,planar_ring,2.2,0,5,R2SCAN-3C,,-148.649566440161,2.55190311,True,True,,,,False,calculations/stage1/B6_planar_ring_d2.20_q0_m5_R2SCAN-3C/B6_planar_ring_d2.20_q0_m5_R2SCAN-3C_optimized.xyz,calculations/stage1/B6_planar_ring_d2.20_q0_m5_R2SCAN-3C/B6_planar_ring_d2.20_q0_m5_R2SCAN-3C.out
B6_planar_ring_d2.00_q0_m5_R2SCAN-3C,planar_ring,2.0,0,5,R2SCAN-3C,,-148.649566437357,2.55190318,True,True,,,,False,calculations/stage1/B6_planar_ring_d2.00_q0_m5_R2SCAN-3C/B6_planar_ring_d2.00_q0_m5_R2SCAN-3C_optimized.xyz,calculations/stage1/B6_planar_ring_d2.00_q0_m5_R2SCAN-3C/B6_planar_ring_d2.00_q0_m5_R2SCAN-3C.out
B6_random_3d_seed1001_d2.50_q0_m5_R2SCAN-3C,random_3d_seed1001,2.5,0,5,R2SCAN-3C,,-148.645480264250,2.66309362,True,True,,,,False,calculations/stage1/B6_random_3d_seed1001_d2.50_q0_m5_R2SCAN-3C/B6_random_3d_seed1001_d2.50_q0_m5_R2SCAN-3C_optimized.xyz,calculations/stage1/B6_random_3d_seed1001_d2.50_q0_m5_R2SCAN-3C/B6_random_3d_seed1001_d2.50_q0_m5_R2SCAN-3C.out
B6_random_3d_seed1001_d2.20_q0_m5_R2SCAN-3C,random_3d_seed1001,2.2,0,5,R2SCAN-3C,,-148.645478687534,2.66313652,True,True,,,,False,calculations/stage1/B6_random_3d_seed1001_d2.20_q0_m5_R2SCAN-3C/B6_random_3d_seed1001_d2.20_q0_m5_R2SCAN-3C_optimized.xyz,calculations/stage1/B6_random_3d_seed1001_d2.20_q0_m5_R2SCAN-3C/B6_random_3d_seed1001_d2.20_q0_m5_R2SCAN-3C.out
B6_random_3d_seed1001_d1.80_q0_m5_R2SCAN-3C,random_3d_seed1001,1.8,0,5,R2SCAN-3C,,-148.645478400310,2.66314434,True,True,,,,False,calculations/stage1/B6_random_3d_seed1001_d1.80_q0_m5_R2SCAN-3C/B6_random_3d_seed1001_d1.80_q0_m5_R2SCAN-3C_optimized.xyz,calculations/stage1/B6_random_3d_seed1001_d1.80_q0_m5_R2SCAN-3C/B6_random_3d_seed1001_d1.80_q0_m5_R2SCAN-3C.out
B6_random_3d_seed1001_d2.00_q0_m5_R2SCAN-3C,random_3d_seed1001,2.0,0,5,R2SCAN-3C,,-148.645478115826,2.66315208,True,True,,,,False,calculations/stage1/B6_random_3d_seed1001_d2.00_q0_m5_R2SCAN-3C/B6_random_3d_seed1001_d2.00_q0_m5_R2SCAN-3C_optimized.xyz,calculations/stage1/B6_random_3d_seed1001_d2.00_q0_m5_R2SCAN-3C/B6_random_3d_seed1001_d2.00_q0_m5_R2SCAN-3C.out
B6_random_3d_seed1001_d1.60_q0_m5_R2SCAN-3C,random_3d_seed1001,1.6,0,5,R2SCAN-3C,,-148.645477913842,2.66315757,True,True,,,,False,calculations/stage1/B6_random_3d_seed1001_d1.60_q0_m5_R2SCAN-3C/B6_random_3d_seed1001_d1.60_q0_m5_R2SCAN-3C_optimized.xyz,calculations/stage1/B6_random_3d_seed1001_d1.60_q0_m5_R2SCAN-3C/B6_random_3d_seed1001_d1.60_q0_m5_R2SCAN-3C.out
B6_octahedral_3d_d2.20_q0_m5_R2SCAN-3C,octahedral_3d,2.2,0,5,R2SCAN-3C,,-148.645473273644,2.66328384,True,True,,,,False,calculations/stage1/B6_octahedral_3d_d2.20_q0_m5_R2SCAN-3C/B6_octahedral_3d_d2.20_q0_m5_R2SCAN-3C_optimized.xyz,calculations/stage1/B6_octahedral_3d_d2.20_q0_m5_R2SCAN-3C/B6_octahedral_3d_d2.20_q0_m5_R2SCAN-3C.out
B6_octahedral_3d_d3.50_q0_m5_R2SCAN-3C,octahedral_3d,3.5,0,5,R2SCAN-3C,,-148.645472357653,2.66330877,True,True,,,,False,calculations/stage1/B6_octahedral_3d_d3.50_q0_m5_R2SCAN-3C/B6_octahedral_3d_d3.50_q0_m5_R2SCAN-3C_optimized.xyz,calculations/stage1/B6_octahedral_3d_d3.50_q0_m5_R2SCAN-3C/B6_octahedral_3d_d3.50_q0_m5_R2SCAN-3C.out
B6_octahedral_3d_d1.60_q0_m5_R2SCAN-3C,octahedral_3d,1.6,0,5,R2SCAN-3C,,-148.645472274961,2.66331102,True,True,,,,False,calculations/stage1/B6_octahedral_3d_d1.60_q0_m5_R2SCAN-3C/B6_octahedral_3d_d1.60_q0_m5_R2SCAN-3C_optimized.xyz,calculations/stage1/B6_octahedral_3d_d1.60_q0_m5_R2SCAN-3C/B6_octahedral_3d_d1.60_q0_m5_R2SCAN-3C.out
B6_random_3d_seed1001_d3.00_q0_m5_R2SCAN-3C,random_3d_seed1001,3.0,0,5,R2SCAN-3C,,-148.645471702323,2.66332660,True,True,,,,False,calculations/stage1/B6_random_3d_seed1001_d3.00_q0_m5_R2SCAN-3C/B6_random_3d_seed1001_d3.00_q0_m5_R2SCAN-3C_optimized.xyz,calculations/stage1/B6_random_3d_seed1001_d3.00_q0_m5_R2SCAN-3C/B6_random_3d_seed1001_d3.00_q0_m5_R2SCAN-3C.out
B6_octahedral_3d_d2.50_q0_m5_R2SCAN-3C,octahedral_3d,2.5,0,5,R2SCAN-3C,,-148.645470319468,2.66336423,True,True,,,,False,calculations/stage1/B6_octahedral_3d_d2.50_q0_m5_R2SCAN-3C/B6_octahedral_3d_d2.50_q0_m5_R2SCAN-3C_optimized.xyz,calculations/stage1/B6_octahedral_3d_d2.50_q0_m5_R2SCAN-3C/B6_octahedral_3d_d2.50_q0_m5_R2SCAN-3C.out
B6_octahedral_3d_d2.00_q0_m5_R2SCAN-3C,octahedral_3d,2.0,0,5,R2SCAN-3C,,-148.645469967320,2.66337381,True,True,,,,False,calculations/stage1/B6_octahedral_3d_d2.00_q0_m5_R2SCAN-3C/B6_octahedral_3d_d2.00_q0_m5_R2SCAN-3C_optimized.xyz,calculations/stage1/B6_octahedral_3d_d2.00_q0_m5_R2SCAN-3C/B6_octahedral_3d_d2.00_q0_m5_R2SCAN-3C.out
B6_octahedral_3d_d3.00_q0_m5_R2SCAN-3C,octahedral_3d,3.0,0,5,R2SCAN-3C,,-148.645469863757,2.66337663,True,True,,,,False,calculations/stage1/B6_octahedral_3d_d3.00_q0_m5_R2SCAN-3C/B6_octahedral_3d_d3.00_q0_m5_R2SCAN-3C_optimized.xyz,calculations/stage1/B6_octahedral_3d_d3.00_q0_m5_R2SCAN-3C/B6_octahedral_3d_d3.00_q0_m5_R2SCAN-3C.out
B6_octahedral_3d_d1.80_q0_m5_R2SCAN-3C,octahedral_3d,1.8,0,5,R2SCAN-3C,,-148.645468655753,2.66340950,True,True,,,,False,calculations/stage1/B6_octahedral_3d_d1.80_q0_m5_R2SCAN-3C/B6_octahedral_3d_d1.80_q0_m5_R2SCAN-3C_optimized.xyz,calculations/stage1/B6_octahedral_3d_d1.80_q0_m5_R2SCAN-3C/B6_octahedral_3d_d1.80_q0_m5_R2SCAN-3C.out
B6_random_3d_seed1003_d1.80_q0_m5_R2SCAN-3C,random_3d_seed1003,1.8,0,5,R2SCAN-3C,,-148.645458065080,2.66369769,True,True,,,,False,calculations/stage1/B6_random_3d_seed1003_d1.80_q0_m5_R2SCAN-3C/B6_random_3d_seed1003_d1.80_q0_m5_R2SCAN-3C_optimized.xyz,calculations/stage1/B6_random_3d_seed1003_d1.80_q0_m5_R2SCAN-3C/B6_random_3d_seed1003_d1.80_q0_m5_R2SCAN-3C.out
B6_random_3d_seed1003_d1.60_q0_m5_R2SCAN-3C,random_3d_seed1003,1.6,0,5,R2SCAN-3C,,-148.645457554310,2.66371159,True,True,,,,False,calculations/stage1/B6_random_3d_seed1003_d1.60_q0_m5_R2SCAN-3C/B6_random_3d_seed1003_d1.60_q0_m5_R2SCAN-3C_optimized.xyz,calculations/stage1/B6_random_3d_seed1003_d1.60_q0_m5_R2SCAN-3C/B6_random_3d_seed1003_d1.60_q0_m5_R2SCAN-3C.out
B6_random_3d_seed1003_d2.00_q0_m5_R2SCAN-3C,random_3d_seed1003,2.0,0,5,R2SCAN-3C,,-148.645456844957,2.66373089,True,True,,,,False,calculations/stage1/B6_random_3d_seed1003_d2.00_q0_m5_R2SCAN-3C/B6_random_3d_seed1003_d2.00_q0_m5_R2SCAN-3C_optimized.xyz,calculations/stage1/B6_random_3d_seed1003_d2.00_q0_m5_R2SCAN-3C/B6_random_3d_seed1003_d2.00_q0_m5_R2SCAN-3C.out
B6_random_3d_seed1003_d2.20_q0_m5_R2SCAN-3C,random_3d_seed1003,2.2,0,5,R2SCAN-3C,,-148.645456557650,2.66373871,True,True,,,,False,calculations/stage1/B6_random_3d_seed1003_d2.20_q0_m5_R2SCAN-3C/B6_random_3d_seed1003_d2.20_q0_m5_R2SCAN-3C_optimized.xyz,calculations/stage1/B6_random_3d_seed1003_d2.20_q0_m5_R2SCAN-3C/B6_random_3d_seed1003_d2.20_q0_m5_R2SCAN-3C.out
B6_random_3d_seed1003_d2.50_q0_m5_R2SCAN-3C,random_3d_seed1003,2.5,0,5,R2SCAN-3C,,-148.645456303010,2.66374564,True,True,,,,False,calculations/stage1/B6_random_3d_seed1003_d2.50_q0_m5_R2SCAN-3C/B6_random_3d_seed1003_d2.50_q0_m5_R2SCAN-3C_optimized.xyz,calculations/stage1/B6_random_3d_seed1003_d2.50_q0_m5_R2SCAN-3C/B6_random_3d_seed1003_d2.50_q0_m5_R2SCAN-3C.out
B6_planar_ring_d1.60_q0_m5_R2SCAN-3C,planar_ring,1.6,0,5,R2SCAN-3C,,-148.636832854762,2.89840162,True,True,,,,False,calculations/stage1/B6_planar_ring_d1.60_q0_m5_R2SCAN-3C/B6_planar_ring_d1.60_q0_m5_R2SCAN-3C_optimized.xyz,calculations/stage1/B6_planar_ring_d1.60_q0_m5_R2SCAN-3C/B6_planar_ring_d1.60_q0_m5_R2SCAN-3C.out
B6_planar_ring_d3.00_q0_m5_R2SCAN-3C,planar_ring,3.0,0,5,R2SCAN-3C,,-148.634893250021,2.95118095,True,True,,,,False,calculations/stage1/B6_planar_ring_d3.00_q0_m5_R2SCAN-3C/B6_planar_ring_d3.00_q0_m5_R2SCAN-3C_optimized.xyz,calculations/stage1/B6_planar_ring_d3.00_q0_m5_R2SCAN-3C/B6_planar_ring_d3.00_q0_m5_R2SCAN-3C.out
B6_octahedral_3d_d3.00_q0_m1_R2SCAN-3C,octahedral_3d,3.0,0,1,R2SCAN-3C,,-148.633292127542,2.99474971,True,True,,,,False,calculations/stage1/B6_octahedral_3d_d3.00_q0_m1_R2SCAN-3C/B6_octahedral_3d_d3.00_q0_m1_R2SCAN-3C_optimized.xyz,calculations/stage1/B6_octahedral_3d_d3.00_q0_m1_R2SCAN-3C/B6_octahedral_3d_d3.00_q0_m1_R2SCAN-3C.out
B6_octahedral_3d_d2.50_q0_m1_R2SCAN-3C,octahedral_3d,2.5,0,1,R2SCAN-3C,,-148.633292052440,2.99475176,True,True,,,,False,calculations/stage1/B6_octahedral_3d_d2.50_q0_m1_R2SCAN-3C/B6_octahedral_3d_d2.50_q0_m1_R2SCAN-3C_optimized.xyz,calculations/stage1/B6_octahedral_3d_d2.50_q0_m1_R2SCAN-3C/B6_octahedral_3d_d2.50_q0_m1_R2SCAN-3C.out
B6_octahedral_3d_d3.50_q0_m1_R2SCAN-3C,octahedral_3d,3.5,0,1,R2SCAN-3C,,-148.633291763517,2.99475962,True,True,,,,False,calculations/stage1/B6_octahedral_3d_d3.50_q0_m1_R2SCAN-3C/B6_octahedral_3d_d3.50_q0_m1_R2SCAN-3C_optimized.xyz,calculations/stage1/B6_octahedral_3d_d3.50_q0_m1_R2SCAN-3C/B6_octahedral_3d_d3.50_q0_m1_R2SCAN-3C.out
B6_random_3d_seed1001_d3.50_q0_m1_R2SCAN-3C,random_3d_seed1001,3.5,0,1,R2SCAN-3C,,-148.633285496676,2.99493015,True,True,,,,False,calculations/stage1/B6_random_3d_seed1001_d3.50_q0_m1_R2SCAN-3C/B6_random_3d_seed1001_d3.50_q0_m1_R2SCAN-3C_optimized.xyz,calculations/stage1/B6_random_3d_seed1001_d3.50_q0_m1_R2SCAN-3C/B6_random_3d_seed1001_d3.50_q0_m1_R2SCAN-3C.out
B6_random_3d_seed1003_d2.20_q0_m1_R2SCAN-3C,random_3d_seed1003,2.2,0,1,R2SCAN-3C,,-148.633284521867,2.99495667,True,True,,,,False,calculations/stage1/B6_random_3d_seed1003_d2.20_q0_m1_R2SCAN-3C/B6_random_3d_seed1003_d2.20_q0_m1_R2SCAN-3C_optimized.xyz,calculations/stage1/B6_random_3d_seed1003_d2.20_q0_m1_R2SCAN-3C/B6_random_3d_seed1003_d2.20_q0_m1_R2SCAN-3C.out
B6_random_3d_seed1001_d3.00_q0_m1_R2SCAN-3C,random_3d_seed1001,3.0,0,1,R2SCAN-3C,,-148.633284357702,2.99496114,True,True,,,,False,calculations/stage1/B6_random_3d_seed1001_d3.00_q0_m1_R2SCAN-3C/B6_random_3d_seed1001_d3.00_q0_m1_R2SCAN-3C_optimized.xyz,calculations/stage1/B6_random_3d_seed1001_d3.00_q0_m1_R2SCAN-3C/B6_random_3d_seed1001_d3.00_q0_m1_R2SCAN-3C.out
B6_random_3d_seed1001_d2.50_q0_m1_R2SCAN-3C,random_3d_seed1001,2.5,0,1,R2SCAN-3C,,-148.633284255994,2.99496391,True,True,,,,False,calculations/stage1/B6_random_3d_seed1001_d2.50_q0_m1_R2SCAN-3C/B6_random_3d_seed1001_d2.50_q0_m1_R2SCAN-3C_optimized.xyz,calculations/stage1/B6_random_3d_seed1001_d2.50_q0_m1_R2SCAN-3C/B6_random_3d_seed1001_d2.50_q0_m1_R2SCAN-3C.out
B6_trigonal_prism_d3.50_q0_m1_R2SCAN-3C,trigonal_prism,3.5,0,1,R2SCAN-3C,,-148.631494235257,3.04367285,True,True,,,,False,calculations/stage1/B6_trigonal_prism_d3.50_q0_m1_R2SCAN-3C/B6_trigonal_prism_d3.50_q0_m1_R2SCAN-3C_optimized.xyz,calculations/stage1/B6_trigonal_prism_d3.50_q0_m1_R2SCAN-3C/B6_trigonal_prism_d3.50_q0_m1_R2SCAN-3C.out
B6_linear_chain_d3.50_q0_m1_R2SCAN-3C,linear_chain,3.5,0,1,R2SCAN-3C,,-148.631492001145,3.04373365,True,True,,,,False,calculations/stage1/B6_linear_chain_d3.50_q0_m1_R2SCAN-3C/B6_linear_chain_d3.50_q0_m1_R2SCAN-3C_optimized.xyz,calculations/stage1/B6_linear_chain_d3.50_q0_m1_R2SCAN-3C/B6_linear_chain_d3.50_q0_m1_R2SCAN-3C.out
B6_compact_planar_triangle_d2.20_q0_m1_R2SCAN-3C,compact_planar_triangle,2.2,0,1,R2SCAN-3C,,-148.630568482579,3.06886387,True,True,,,,False,calculations/stage1/B6_compact_planar_triangle_d2.20_q0_m1_R2SCAN-3C/B6_compact_planar_triangle_d2.20_q0_m1_R2SCAN-3C_optimized.xyz,calculations/stage1/B6_compact_planar_triangle_d2.20_q0_m1_R2SCAN-3C/B6_compact_planar_triangle_d2.20_q0_m1_R2SCAN-3C.out
B6_compact_planar_triangle_d2.00_q0_m1_R2SCAN-3C,compact_planar_triangle,2.0,0,1,R2SCAN-3C,,-148.630568482385,3.06886387,True,True,,,,False,calculations/stage1/B6_compact_planar_triangle_d2.00_q0_m1_R2SCAN-3C/B6_compact_planar_triangle_d2.00_q0_m1_R2SCAN-3C_optimized.xyz,calculations/stage1/B6_compact_planar_triangle_d2.00_q0_m1_R2SCAN-3C/B6_compact_planar_triangle_d2.00_q0_m1_R2SCAN-3C.out
B6_compact_planar_triangle_d1.80_q0_m1_R2SCAN-3C,compact_planar_triangle,1.8,0,1,R2SCAN-3C,,-148.630568481214,3.06886390,True,True,,,,False,calculations/stage1/B6_compact_planar_triangle_d1.80_q0_m1_R2SCAN-3C/B6_compact_planar_triangle_d1.80_q0_m1_R2SCAN-3C_optimized.xyz,calculations/stage1/B6_compact_planar_triangle_d1.80_q0_m1_R2SCAN-3C/B6_compact_planar_triangle_d1.80_q0_m1_R2SCAN-3C.out
B6_compact_planar_triangle_d1.60_q0_m1_R2SCAN-3C,compact_planar_triangle,1.6,0,1,R2SCAN-3C,,-148.630568474199,3.06886410,True,True,,,,False,calculations/stage1/B6_compact_planar_triangle_d1.60_q0_m1_R2SCAN-3C/B6_compact_planar_triangle_d1.60_q0_m1_R2SCAN-3C_optimized.xyz,calculations/stage1/B6_compact_planar_triangle_d1.60_q0_m1_R2SCAN-3C/B6_compact_planar_triangle_d1.60_q0_m1_R2SCAN-3C.out
B6_compact_planar_triangle_d2.50_q0_m1_R2SCAN-3C,compact_planar_triangle,2.5,0,1,R2SCAN-3C,,-148.630568467114,3.06886429,True,True,,,,False,calculations/stage1/B6_compact_planar_triangle_d2.50_q0_m1_R2SCAN-3C/B6_compact_planar_triangle_d2.50_q0_m1_R2SCAN-3C_optimized.xyz,calculations/stage1/B6_compact_planar_triangle_d2.50_q0_m1_R2SCAN-3C/B6_compact_planar_triangle_d2.50_q0_m1_R2SCAN-3C.out
B6_compact_planar_triangle_d3.50_q0_m1_R2SCAN-3C,compact_planar_triangle,3.5,0,1,R2SCAN-3C,,-148.630568462979,3.06886440,True,True,,,,False,calculations/stage1/B6_compact_planar_triangle_d3.50_q0_m1_R2SCAN-3C/B6_compact_planar_triangle_d3.50_q0_m1_R2SCAN-3C_optimized.xyz,calculations/stage1/B6_compact_planar_triangle_d3.50_q0_m1_R2SCAN-3C/B6_compact_planar_triangle_d3.50_q0_m1_R2SCAN-3C.out
B6_compact_planar_triangle_d3.00_q0_m1_R2SCAN-3C,compact_planar_triangle,3.0,0,1,R2SCAN-3C,,-148.630568457852,3.06886454,True,True,,,,False,calculations/stage1/B6_compact_planar_triangle_d3.00_q0_m1_R2SCAN-3C/B6_compact_planar_triangle_d3.00_q0_m1_R2SCAN-3C_optimized.xyz,calculations/stage1/B6_compact_planar_triangle_d3.00_q0_m1_R2SCAN-3C/B6_compact_planar_triangle_d3.00_q0_m1_R2SCAN-3C.out
B6_rectangular_planar_d1.60_q0_m5_R2SCAN-3C,rectangular_planar,1.6,0,5,R2SCAN-3C,,-148.625550613103,3.20540705,True,True,,,,False,calculations/stage1/B6_rectangular_planar_d1.60_q0_m5_R2SCAN-3C/B6_rectangular_planar_d1.60_q0_m5_R2SCAN-3C_optimized.xyz,calculations/stage1/B6_rectangular_planar_d1.60_q0_m5_R2SCAN-3C/B6_rectangular_planar_d1.60_q0_m5_R2SCAN-3C.out
B6_trigonal_prism_d1.60_q0_m3_R2SCAN-3C,trigonal_prism,1.6,0,3,R2SCAN-3C,,-148.619398622796,3.37281124,True,True,,,,False,calculations/stage1/B6_trigonal_prism_d1.60_q0_m3_R2SCAN-3C/B6_trigonal_prism_d1.60_q0_m3_R2SCAN-3C_optimized.xyz,calculations/stage1/B6_trigonal_prism_d1.60_q0_m3_R2SCAN-3C/B6_trigonal_prism_d1.60_q0_m3_R2SCAN-3C.out
B6_rectangular_planar_d2.20_q0_m5_R2SCAN-3C,rectangular_planar,2.2,0,5,R2SCAN-3C,,-148.619051758148,3.38224990,True,True,,,,False,calculations/stage1/B6_rectangular_planar_d2.20_q0_m5_R2SCAN-3C/B6_rectangular_planar_d2.20_q0_m5_R2SCAN-3C_optimized.xyz,calculations/stage1/B6_rectangular_planar_d2.20_q0_m5_R2SCAN-3C/B6_rectangular_planar_d2.20_q0_m5_R2SCAN-3C.out
B6_trigonal_prism_d1.60_q0_m1_R2SCAN-3C,trigonal_prism,1.6,0,1,R2SCAN-3C,,-148.613129261351,3.54340925,True,True,,,,False,calculations/stage1/B6_trigonal_prism_d1.60_q0_m1_R2SCAN-3C/B6_trigonal_prism_d1.60_q0_m1_R2SCAN-3C_optimized.xyz,calculations/stage1/B6_trigonal_prism_d1.60_q0_m1_R2SCAN-3C/B6_trigonal_prism_d1.60_q0_m1_R2SCAN-3C.out
B6_linear_chain_d1.60_q0_m5_R2SCAN-3C,linear_chain,1.6,0,5,R2SCAN-3C,,-148.613021000821,3.54635517,True,True,,,,False,calculations/stage1/B6_linear_chain_d1.60_q0_m5_R2SCAN-3C/B6_linear_chain_d1.60_q0_m5_R2SCAN-3C_optimized.xyz,calculations/stage1/B6_linear_chain_d1.60_q0_m5_R2SCAN-3C/B6_linear_chain_d1.60_q0_m5_R2SCAN-3C.out
B6_linear_chain_d2.20_q0_m5_R2SCAN-3C,linear_chain,2.2,0,5,R2SCAN-3C,,-148.613021000604,3.54635518,True,True,,,,False,calculations/stage1/B6_linear_chain_d2.20_q0_m5_R2SCAN-3C/B6_linear_chain_d2.20_q0_m5_R2SCAN-3C_optimized.xyz,calculations/stage1/B6_linear_chain_d2.20_q0_m5_R2SCAN-3C/B6_linear_chain_d2.20_q0_m5_R2SCAN-3C.out
B6_linear_chain_d1.80_q0_m5_R2SCAN-3C,linear_chain,1.8,0,5,R2SCAN-3C,,-148.613021000583,3.54635518,True,True,,,,False,calculations/stage1/B6_linear_chain_d1.80_q0_m5_R2SCAN-3C/B6_linear_chain_d1.80_q0_m5_R2SCAN-3C_optimized.xyz,calculations/stage1/B6_linear_chain_d1.80_q0_m5_R2SCAN-3C/B6_linear_chain_d1.80_q0_m5_R2SCAN-3C.out
B6_linear_chain_d2.00_q0_m5_R2SCAN-3C,linear_chain,2.0,0,5,R2SCAN-3C,,-148.613020998886,3.54635522,True,True,,,,False,calculations/stage1/B6_linear_chain_d2.00_q0_m5_R2SCAN-3C/B6_linear_chain_d2.00_q0_m5_R2SCAN-3C_optimized.xyz,calculations/stage1/B6_linear_chain_d2.00_q0_m5_R2SCAN-3C/B6_linear_chain_d2.00_q0_m5_R2SCAN-3C.out
B6_linear_chain_d2.50_q0_m5_R2SCAN-3C,linear_chain,2.5,0,5,R2SCAN-3C,,-148.613020943457,3.54635673,True,True,,,,False,calculations/stage1/B6_linear_chain_d2.50_q0_m5_R2SCAN-3C/B6_linear_chain_d2.50_q0_m5_R2SCAN-3C_optimized.xyz,calculations/stage1/B6_linear_chain_d2.50_q0_m5_R2SCAN-3C/B6_linear_chain_d2.50_q0_m5_R2SCAN-3C.out
B6_linear_chain_d3.00_q0_m5_R2SCAN-3C,linear_chain,3.0,0,5,R2SCAN-3C,,-148.613020722235,3.54636275,True,True,,,,False,calculations/stage1/B6_linear_chain_d3.00_q0_m5_R2SCAN-3C/B6_linear_chain_d3.00_q0_m5_R2SCAN-3C_optimized.xyz,calculations/stage1/B6_linear_chain_d3.00_q0_m5_R2SCAN-3C/B6_linear_chain_d3.00_q0_m5_R2SCAN-3C.out
B6_random_3d_seed1004_d3.00_q0_m5_R2SCAN-3C,random_3d_seed1004,3.0,0,5,R2SCAN-3C,,-148.609703614182,3.63662586,False,False,,,,False,calculations/stage1/B6_random_3d_seed1004_d3.00_q0_m5_R2SCAN-3C/B6_random_3d_seed1004_d3.00_q0_m5_R2SCAN-3C_optimized.xyz,calculations/stage1/B6_random_3d_seed1004_d3.00_q0_m5_R2SCAN-3C/B6_random_3d_seed1004_d3.00_q0_m5_R2SCAN-3C.out
B6_trigonal_prism_d2.20_q0_m3_R2SCAN-3C,trigonal_prism,2.2,0,3,R2SCAN-3C,,-148.605297528324,3.75652156,True,True,,,,False,calculations/stage1/B6_trigonal_prism_d2.20_q0_m3_R2SCAN-3C/B6_trigonal_prism_d2.20_q0_m3_R2SCAN-3C_optimized.xyz,calculations/stage1/B6_trigonal_prism_d2.20_q0_m3_R2SCAN-3C/B6_trigonal_prism_d2.20_q0_m3_R2SCAN-3C.out
B6_trigonal_prism_d2.50_q0_m3_R2SCAN-3C,trigonal_prism,2.5,0,3,R2SCAN-3C,,-148.605297527125,3.75652160,True,True,,,,False,calculations/stage1/B6_trigonal_prism_d2.50_q0_m3_R2SCAN-3C/B6_trigonal_prism_d2.50_q0_m3_R2SCAN-3C_optimized.xyz,calculations/stage1/B6_trigonal_prism_d2.50_q0_m3_R2SCAN-3C/B6_trigonal_prism_d2.50_q0_m3_R2SCAN-3C.out
B6_trigonal_prism_d2.00_q0_m3_R2SCAN-3C,trigonal_prism,2.0,0,3,R2SCAN-3C,,-148.605297524337,3.75652167,True,True,,,,False,calculations/stage1/B6_trigonal_prism_d2.00_q0_m3_R2SCAN-3C/B6_trigonal_prism_d2.00_q0_m3_R2SCAN-3C_optimized.xyz,calculations/stage1/B6_trigonal_prism_d2.00_q0_m3_R2SCAN-3C/B6_trigonal_prism_d2.00_q0_m3_R2SCAN-3C.out
B6_trigonal_prism_d1.80_q0_m3_R2SCAN-3C,trigonal_prism,1.8,0,3,R2SCAN-3C,,-148.605297523972,3.75652168,True,True,,,,False,calculations/stage1/B6_trigonal_prism_d1.80_q0_m3_R2SCAN-3C/B6_trigonal_prism_d1.80_q0_m3_R2SCAN-3C_optimized.xyz,calculations/stage1/B6_trigonal_prism_d1.80_q0_m3_R2SCAN-3C/B6_trigonal_prism_d1.80_q0_m3_R2SCAN-3C.out
B6_rectangular_planar_d1.80_q0_m5_R2SCAN-3C,rectangular_planar,1.8,0,5,R2SCAN-3C,,-148.602422467795,3.83475595,True,True,,,,False,calculations/stage1/B6_rectangular_planar_d1.80_q0_m5_R2SCAN-3C/B6_rectangular_planar_d1.80_q0_m5_R2SCAN-3C_optimized.xyz,calculations/stage1/B6_rectangular_planar_d1.80_q0_m5_R2SCAN-3C/B6_rectangular_planar_d1.80_q0_m5_R2SCAN-3C.out
B6_rectangular_planar_d2.00_q0_m5_R2SCAN-3C,rectangular_planar,2.0,0,5,R2SCAN-3C,,-148.602422456832,3.83475625,True,True,,,,False,calculations/stage1/B6_rectangular_planar_d2.00_q0_m5_R2SCAN-3C/B6_rectangular_planar_d2.00_q0_m5_R2SCAN-3C_optimized.xyz,calculations/stage1/B6_rectangular_planar_d2.00_q0_m5_R2SCAN-3C/B6_rectangular_planar_d2.00_q0_m5_R2SCAN-3C.out
B6_linear_chain_d2.20_q0_m3_R2SCAN-3C,linear_chain,2.2,0,3,R2SCAN-3C,,-148.594798951908,4.04220238,True,True,,,,False,calculations/stage1/B6_linear_chain_d2.20_q0_m3_R2SCAN-3C/B6_linear_chain_d2.20_q0_m3_R2SCAN-3C_optimized.xyz,calculations/stage1/B6_linear_chain_d2.20_q0_m3_R2SCAN-3C/B6_linear_chain_d2.20_q0_m3_R2SCAN-3C.out
B6_linear_chain_d1.80_q0_m3_R2SCAN-3C,linear_chain,1.8,0,3,R2SCAN-3C,,-148.594798660076,4.04221032,True,True,,,,False,calculations/stage1/B6_linear_chain_d1.80_q0_m3_R2SCAN-3C/B6_linear_chain_d1.80_q0_m3_R2SCAN-3C_optimized.xyz,calculations/stage1/B6_linear_chain_d1.80_q0_m3_R2SCAN-3C/B6_linear_chain_d1.80_q0_m3_R2SCAN-3C.out
B6_trigonal_prism_d2.20_q0_m1_R2SCAN-3C,trigonal_prism,2.2,0,1,R2SCAN-3C,,-148.594156676456,4.05967959,True,True,,,,False,calculations/stage1/B6_trigonal_prism_d2.20_q0_m1_R2SCAN-3C/B6_trigonal_prism_d2.20_q0_m1_R2SCAN-3C_optimized.xyz,calculations/stage1/B6_trigonal_prism_d2.20_q0_m1_R2SCAN-3C/B6_trigonal_prism_d2.20_q0_m1_R2SCAN-3C.out
B6_trigonal_prism_d1.80_q0_m1_R2SCAN-3C,trigonal_prism,1.8,0,1,R2SCAN-3C,,-148.594156675904,4.05967960,True,True,,,,False,calculations/stage1/B6_trigonal_prism_d1.80_q0_m1_R2SCAN-3C/B6_trigonal_prism_d1.80_q0_m1_R2SCAN-3C_optimized.xyz,calculations/stage1/B6_trigonal_prism_d1.80_q0_m1_R2SCAN-3C/B6_trigonal_prism_d1.80_q0_m1_R2SCAN-3C.out
B6_trigonal_prism_d2.00_q0_m1_R2SCAN-3C,trigonal_prism,2.0,0,1,R2SCAN-3C,,-148.594156673771,4.05967966,True,True,,,,False,calculations/stage1/B6_trigonal_prism_d2.00_q0_m1_R2SCAN-3C/B6_trigonal_prism_d2.00_q0_m1_R2SCAN-3C_optimized.xyz,calculations/stage1/B6_trigonal_prism_d2.00_q0_m1_R2SCAN-3C/B6_trigonal_prism_d2.00_q0_m1_R2SCAN-3C.out
B6_linear_chain_d1.60_q0_m3_R2SCAN-3C,linear_chain,1.6,0,3,R2SCAN-3C,,-148.589068445333,4.19813741,True,True,,,,False,calculations/stage1/B6_linear_chain_d1.60_q0_m3_R2SCAN-3C/B6_linear_chain_d1.60_q0_m3_R2SCAN-3C_optimized.xyz,calculations/stage1/B6_linear_chain_d1.60_q0_m3_R2SCAN-3C/B6_linear_chain_d1.60_q0_m3_R2SCAN-3C.out
B6_linear_chain_d2.50_q0_m3_R2SCAN-3C,linear_chain,2.5,0,3,R2SCAN-3C,,-148.589067535583,4.19816217,True,True,,,,False,calculations/stage1/B6_linear_chain_d2.50_q0_m3_R2SCAN-3C/B6_linear_chain_d2.50_q0_m3_R2SCAN-3C_optimized.xyz,calculations/stage1/B6_linear_chain_d2.50_q0_m3_R2SCAN-3C/B6_linear_chain_d2.50_q0_m3_R2SCAN-3C.out
B6_linear_chain_d2.00_q0_m3_R2SCAN-3C,linear_chain,2.0,0,3,R2SCAN-3C,,-148.589066698173,4.19818495,True,True,,,,False,calculations/stage1/B6_linear_chain_d2.00_q0_m3_R2SCAN-3C/B6_linear_chain_d2.00_q0_m3_R2SCAN-3C_optimized.xyz,calculations/stage1/B6_linear_chain_d2.00_q0_m3_R2SCAN-3C/B6_linear_chain_d2.00_q0_m3_R2SCAN-3C.out
B6_trigonal_prism_d1.60_q0_m5_R2SCAN-3C,trigonal_prism,1.6,0,5,R2SCAN-3C,,-148.572321803974,4.65383674,True,True,,,,False,calculations/stage1/B6_trigonal_prism_d1.60_q0_m5_R2SCAN-3C/B6_trigonal_prism_d1.60_q0_m5_R2SCAN-3C_optimized.xyz,calculations/stage1/B6_trigonal_prism_d1.60_q0_m5_R2SCAN-3C/B6_trigonal_prism_d1.60_q0_m5_R2SCAN-3C.out
B6_trigonal_prism_d2.00_q0_m5_R2SCAN-3C,trigonal_prism,2.0,0,5,R2SCAN-3C,,-148.560739120289,4.96901762,True,True,,,,False,calculations/stage1/B6_trigonal_prism_d2.00_q0_m5_R2SCAN-3C/B6_trigonal_prism_d2.00_q0_m5_R2SCAN-3C_optimized.xyz,calculations/stage1/B6_trigonal_prism_d2.00_q0_m5_R2SCAN-3C/B6_trigonal_prism_d2.00_q0_m5_R2SCAN-3C.out
B6_trigonal_prism_d2.50_q0_m5_R2SCAN-3C,trigonal_prism,2.5,0,5,R2SCAN-3C,,-148.560739107955,4.96901795,True,True,,,,False,calculations/stage1/B6_trigonal_prism_d2.50_q0_m5_R2SCAN-3C/B6_trigonal_prism_d2.50_q0_m5_R2SCAN-3C_optimized.xyz,calculations/stage1/B6_trigonal_prism_d2.50_q0_m5_R2SCAN-3C/B6_trigonal_prism_d2.50_q0_m5_R2SCAN-3C.out
B6_trigonal_prism_d2.20_q0_m5_R2SCAN-3C,trigonal_prism,2.2,0,5,R2SCAN-3C,,-148.560739104774,4.96901804,True,True,,,,False,calculations/stage1/B6_trigonal_prism_d2.20_q0_m5_R2SCAN-3C/B6_trigonal_prism_d2.20_q0_m5_R2SCAN-3C_optimized.xyz,calculations/stage1/B6_trigonal_prism_d2.20_q0_m5_R2SCAN-3C/B6_trigonal_prism_d2.20_q0_m5_R2SCAN-3C.out
B6_planar_ring_d2.00_q0_m1_R2SCAN-3C,planar_ring,2.0,0,1,R2SCAN-3C,,-148.518809913033,6.10996947,False,False,,,,False,calculations/stage1/B6_planar_ring_d2.00_q0_m1_R2SCAN-3C/B6_planar_ring_d2.00_q0_m1_R2SCAN-3C_optimized.xyz,calculations/stage1/B6_planar_ring_d2.00_q0_m1_R2SCAN-3C/B6_planar_ring_d2.00_q0_m1_R2SCAN-3C.out
B6_linear_chain_d3.00_q0_m1_R2SCAN-3C,linear_chain,3.0,0,1,R2SCAN-3C,,-148.513347580772,6.25860710,True,True,,,,False,calculations/stage1/B6_linear_chain_d3.00_q0_m1_R2SCAN-3C/B6_linear_chain_d3.00_q0_m1_R2SCAN-3C_optimized.xyz,calculations/stage1/B6_linear_chain_d3.00_q0_m1_R2SCAN-3C/B6_linear_chain_d3.00_q0_m1_R2SCAN-3C.out
B6_linear_chain_d2.50_q0_m1_R2SCAN-3C,linear_chain,2.5,0,1,R2SCAN-3C,,-148.501913867712,6.56973428,True,True,,,,False,calculations/stage1/B6_linear_chain_d2.50_q0_m1_R2SCAN-3C/B6_linear_chain_d2.50_q0_m1_R2SCAN-3C_optimized.xyz,calculations/stage1/B6_linear_chain_d2.50_q0_m1_R2SCAN-3C/B6_linear_chain_d2.50_q0_m1_R2SCAN-3C.out
B6_linear_chain_d2.20_q0_m1_R2SCAN-3C,linear_chain,2.2,0,1,R2SCAN-3C,,-148.501913865754,6.56973434,True,True,,,,False,calculations/stage1/B6_linear_chain_d2.20_q0_m1_R2SCAN-3C/B6_linear_chain_d2.20_q0_m1_R2SCAN-3C_optimized.xyz,calculations/stage1/B6_linear_chain_d2.20_q0_m1_R2SCAN-3C/B6_linear_chain_d2.20_q0_m1_R2SCAN-3C.out
B6_linear_chain_d2.00_q0_m1_R2SCAN-3C,linear_chain,2.0,0,1,R2SCAN-3C,,-148.501913864572,6.56973437,True,True,,,,False,calculations/stage1/B6_linear_chain_d2.00_q0_m1_R2SCAN-3C/B6_linear_chain_d2.00_q0_m1_R2SCAN-3C_optimized.xyz,calculations/stage1/B6_linear_chain_d2.00_q0_m1_R2SCAN-3C/B6_linear_chain_d2.00_q0_m1_R2SCAN-3C.out
B6_linear_chain_d1.80_q0_m1_R2SCAN-3C,linear_chain,1.8,0,1,R2SCAN-3C,,-148.501913864498,6.56973437,True,True,,,,False,calculations/stage1/B6_linear_chain_d1.80_q0_m1_R2SCAN-3C/B6_linear_chain_d1.80_q0_m1_R2SCAN-3C_optimized.xyz,calculations/stage1/B6_linear_chain_d1.80_q0_m1_R2SCAN-3C/B6_linear_chain_d1.80_q0_m1_R2SCAN-3C.out
B6_octahedral_3d_d2.20_q0_m1_R2SCAN-3C,octahedral_3d,2.2,0,1,R2SCAN-3C,,-148.479938616605,7.16771133,True,True,,,,False,calculations/stage1/B6_octahedral_3d_d2.20_q0_m1_R2SCAN-3C/B6_octahedral_3d_d2.20_q0_m1_R2SCAN-3C_optimized.xyz,calculations/stage1/B6_octahedral_3d_d2.20_q0_m1_R2SCAN-3C/B6_octahedral_3d_d2.20_q0_m1_R2SCAN-3C.out
B6_linear_chain_d1.60_q0_m1_R2SCAN-3C,linear_chain,1.6,0,1,R2SCAN-3C,,-148.438998573661,8.28174665,True,True,,,,False,calculations/stage1/B6_linear_chain_d1.60_q0_m1_R2SCAN-3C/B6_linear_chain_d1.60_q0_m1_R2SCAN-3C_optimized.xyz,calculations/stage1/B6_linear_chain_d1.60_q0_m1_R2SCAN-3C/B6_linear_chain_d1.60_q0_m1_R2SCAN-3C.out
B6_linear_chain_d3.00_q0_m3_R2SCAN-3C,linear_chain,3.0,0,3,R2SCAN-3C,,-148.433863916505,8.42146779,False,False,,,,False,calculations/stage1/B6_linear_chain_d3.00_q0_m3_R2SCAN-3C/B6_linear_chain_d3.00_q0_m3_R2SCAN-3C_optimized.xyz,calculations/stage1/B6_linear_chain_d3.00_q0_m3_R2SCAN-3C/B6_linear_chain_d3.00_q0_m3_R2SCAN-3C.out
B6_planar_ring_d3.00_q0_m3_R2SCAN-3C,planar_ring,3.0,0,3,R2SCAN-3C,,-148.161189021499,15.84132968,False,False,,,,False,calculations/stage1/B6_planar_ring_d3.00_q0_m3_R2SCAN-3C/B6_planar_ring_d3.00_q0_m3_R2SCAN-3C_optimized.xyz,calculations/stage1/B6_planar_ring_d3.00_q0_m3_R2SCAN-3C/B6_planar_ring_d3.00_q0_m3_R2SCAN-3C.out
B6_linear_chain_d3.50_q0_m3_R2SCAN-3C,linear_chain,3.5,0,3,R2SCAN-3C,,-147.941921228107,21.80791030,False,False,,,,False,calculations/stage1/B6_linear_chain_d3.50_q0_m3_R2SCAN-3C/B6_linear_chain_d3.50_q0_m3_R2SCAN-3C_optimized.xyz,calculations/stage1/B6_linear_chain_d3.50_q0_m3_R2SCAN-3C/B6_linear_chain_d3.50_q0_m3_R2SCAN-3C.out
B6_compact_planar_triangle_d3.50_q0_m3_R2SCAN-3C,compact_planar_triangle,3.5,0,3,R2SCAN-3C,,-147.887695873544,23.28345736,False,False,,,,False,calculations/stage1/B6_compact_planar_triangle_d3.50_q0_m3_R2SCAN-3C/B6_compact_planar_triangle_d3.50_q0_m3_R2SCAN-3C_optimized.xyz,calculations/stage1/B6_compact_planar_triangle_d3.50_q0_m3_R2SCAN-3C/B6_compact_planar_triangle_d3.50_q0_m3_R2SCAN-3C.out
B6_linear_chain_d3.50_q0_m5_R2SCAN-3C,linear_chain,3.5,0,5,R2SCAN-3C,,,,False,False,,,,False,calculations/stage1/B6_linear_chain_d3.50_q0_m5_R2SCAN-3C/B6_linear_chain_d3.50_q0_m5_R2SCAN-3C_optimized.xyz,calculations/stage1/B6_linear_chain_d3.50_q0_m5_R2SCAN-3C/B6_linear_chain_d3.50_q0_m5_R2SCAN-3C.out
B6_random_3d_seed1001_d3.50_q0_m5_R2SCAN-3C,random_3d_seed1001,3.5,0,5,R2SCAN-3C,,,,False,False,,,,False,calculations/stage1/B6_random_3d_seed1001_d3.50_q0_m5_R2SCAN-3C/B6_random_3d_seed1001_d3.50_q0_m5_R2SCAN-3C_optimized.xyz,calculations/stage1/B6_random_3d_seed1001_d3.50_q0_m5_R2SCAN-3C/B6_random_3d_seed1001_d3.50_q0_m5_R2SCAN-3C.out
B6_trigonal_prism_d3.50_q0_m5_R2SCAN-3C,trigonal_prism,3.5,0,5,R2SCAN-3C,,,,False,False,,,,False,calculations/stage1/B6_trigonal_prism_d3.50_q0_m5_R2SCAN-3C/B6_trigonal_prism_d3.50_q0_m5_R2SCAN-3C_optimized.xyz,calculations/stage1/B6_trigonal_prism_d3.50_q0_m5_R2SCAN-3C/B6_trigonal_prism_d3.50_q0_m5_R2SCAN-3C.out
