group_id,representative,n_hits,representative_multiplicity,multiplicities,delta_e_ev,representative_energy_hartree,geometry_types,representative_xyz_file,representative_output_file
1,B6_random_3d_seed1000_d2.50_q0_m3_R2SCAN-3C,10,3,3:10,0.00000000,-148.743347149551,planar_ring:1;random_3d_seed1000:3;random_3d_seed1002:1;rhombic_planar:5,calculations/stage1/B6_random_3d_seed1000_d2.50_q0_m3_R2SCAN-3C/B6_random_3d_seed1000_d2.50_q0_m3_R2SCAN-3C_optimized.xyz,calculations/stage1/B6_random_3d_seed1000_d2.50_q0_m3_R2SCAN-3C/B6_random_3d_seed1000_d2.50_q0_m3_R2SCAN-3C.out
2,B6_planar_ring_d2.00_q0_m3_R2SCAN-3C,2,3,3:2,0.15130884,-148.737786652367,planar_ring:2,calculations/stage1/B6_planar_ring_d2.00_q0_m3_R2SCAN-3C/B6_planar_ring_d2.00_q0_m3_R2SCAN-3C_optimized.xyz,calculations/stage1/B6_planar_ring_d2.00_q0_m3_R2SCAN-3C/B6_planar_ring_d2.00_q0_m3_R2SCAN-3C.out
3,B6_random_3d_seed1004_d1.60_q0_m1_R2SCAN-3C,13,1,1:13,0.16998512,-148.737100311600,random_3d_seed1002:4;random_3d_seed1003:2;random_3d_seed1004:6;trigonal_prism:1,calculations/stage1/B6_random_3d_seed1004_d1.60_q0_m1_R2SCAN-3C/B6_random_3d_seed1004_d1.60_q0_m1_R2SCAN-3C_optimized.xyz,calculations/stage1/B6_random_3d_seed1004_d1.60_q0_m1_R2SCAN-3C/B6_random_3d_seed1004_d1.60_q0_m1_R2SCAN-3C.out
4,B6_rectangular_planar_d3.00_q0_m3_R2SCAN-3C,4,3,3:4,0.40100188,-148.728610602439,random_3d_seed1000:1;rectangular_planar:3,calculations/stage1/B6_rectangular_planar_d3.00_q0_m3_R2SCAN-3C/B6_rectangular_planar_d3.00_q0_m3_R2SCAN-3C_optimized.xyz,calculations/stage1/B6_rectangular_planar_d3.00_q0_m3_R2SCAN-3C/B6_rectangular_planar_d3.00_q0_m3_R2SCAN-3C.out
5,B6_rectangular_planar_d3.50_q0_m3_R2SCAN-3C,1,3,3:1,0.41850499,-148.727967374712,rectangular_planar:1,calculations/stage1/B6_rectangular_planar_d3.50_q0_m3_R2SCAN-3C/B6_rectangular_planar_d3.50_q0_m3_R2SCAN-3C_optimized.xyz,calculations/stage1/B6_rectangular_planar_d3.50_q0_m3_R2SCAN-3C/B6_rectangular_planar_d3.50_q0_m3_R2SCAN-3C.out
6,B6_random_3d_seed1004_d3.50_q0_m1_R2SCAN-3C,19,1,1:19,0.69699947,-148.717732891470,planar_ring:2;random_3d_seed1000:7;random_3d_seed1002:3;random_3d_seed1004:1;rectangular_planar:5;trigonal_prism:1,calculations/stage1/B6_random_3d_seed1004_d3.50_q0_m1_R2SCAN-3C/B6_random_3d_seed1004_d3.50_q0_m1_R2SCAN-3C_optimized.xyz,calculations/stage1/B6_random_3d_seed1004_d3.50_q0_m1_R2SCAN-3C/B6_random_3d_seed1004_d3.50_q0_m1_R2SCAN-3C.out
7,B6_rhombic_planar_d2.00_q0_m3_R2SCAN-3C,2,3,3:2,0.72019386,-148.716880513253,rhombic_planar:2,calculations/stage1/B6_rhombic_planar_d2.00_q0_m3_R2SCAN-3C/B6_rhombic_planar_d2.00_q0_m3_R2SCAN-3C_optimized.xyz,calculations/stage1/B6_rhombic_planar_d2.00_q0_m3_R2SCAN-3C/B6_rhombic_planar_d2.00_q0_m3_R2SCAN-3C.out
8,B6_planar_ring_d2.50_q0_m1_R2SCAN-3C,1,1,1:1,0.87509235,-148.711188098782,planar_ring:1,calculations/stage1/B6_planar_ring_d2.50_q0_m1_R2SCAN-3C/B6_planar_ring_d2.50_q0_m1_R2SCAN-3C_optimized.xyz,calculations/stage1/B6_planar_ring_d2.50_q0_m1_R2SCAN-3C/B6_planar_ring_d2.50_q0_m1_R2SCAN-3C.out
9,B6_rhombic_planar_d2.50_q0_m1_R2SCAN-3C,7,1,1:7,0.89025074,-148.710631038120,planar_ring:1;rhombic_planar:6,calculations/stage1/B6_rhombic_planar_d2.50_q0_m1_R2SCAN-3C/B6_rhombic_planar_d2.50_q0_m1_R2SCAN-3C_optimized.xyz,calculations/stage1/B6_rhombic_planar_d2.50_q0_m1_R2SCAN-3C/B6_rhombic_planar_d2.50_q0_m1_R2SCAN-3C.out
10,B6_random_3d_seed1004_d3.50_q0_m3_R2SCAN-3C,3,3,3:3,0.91530824,-148.709710192253,random_3d_seed1000:1;random_3d_seed1004:1;trigonal_prism:1,calculations/stage1/B6_random_3d_seed1004_d3.50_q0_m3_R2SCAN-3C/B6_random_3d_seed1004_d3.50_q0_m3_R2SCAN-3C_optimized.xyz,calculations/stage1/B6_random_3d_seed1004_d3.50_q0_m3_R2SCAN-3C/B6_random_3d_seed1004_d3.50_q0_m3_R2SCAN-3C.out
11,B6_rectangular_planar_d1.60_q0_m3_R2SCAN-3C,2,3,3:2,1.11032699,-148.702543385189,rectangular_planar:2,calculations/stage1/B6_rectangular_planar_d1.60_q0_m3_R2SCAN-3C/B6_rectangular_planar_d1.60_q0_m3_R2SCAN-3C_optimized.xyz,calculations/stage1/B6_rectangular_planar_d1.60_q0_m3_R2SCAN-3C/B6_rectangular_planar_d1.60_q0_m3_R2SCAN-3C.out
12,B6_random_3d_seed1002_d2.20_q0_m3_R2SCAN-3C,13,3,3:13,1.16350933,-148.700588970396,random_3d_seed1000:1;random_3d_seed1002:5;random_3d_seed1004:6;trigonal_prism:1,calculations/stage1/B6_random_3d_seed1002_d2.20_q0_m3_R2SCAN-3C/B6_random_3d_seed1002_d2.20_q0_m3_R2SCAN-3C_optimized.xyz,calculations/stage1/B6_random_3d_seed1002_d2.20_q0_m3_R2SCAN-3C/B6_random_3d_seed1002_d2.20_q0_m3_R2SCAN-3C.out
13,B6_compact_planar_triangle_d2.50_q0_m3_R2SCAN-3C,2,3,3:2,1.18873545,-148.699661927371,compact_planar_triangle:2,calculations/stage1/B6_compact_planar_triangle_d2.50_q0_m3_R2SCAN-3C/B6_compact_planar_triangle_d2.50_q0_m3_R2SCAN-3C_optimized.xyz,calculations/stage1/B6_compact_planar_triangle_d2.50_q0_m3_R2SCAN-3C/B6_compact_planar_triangle_d2.50_q0_m3_R2SCAN-3C.out
14,B6_rhombic_planar_d1.60_q0_m1_R2SCAN-3C,1,1,1:1,1.24692411,-148.697523533753,rhombic_planar:1,calculations/stage1/B6_rhombic_planar_d1.60_q0_m1_R2SCAN-3C/B6_rhombic_planar_d1.60_q0_m1_R2SCAN-3C_optimized.xyz,calculations/stage1/B6_rhombic_planar_d1.60_q0_m1_R2SCAN-3C/B6_rhombic_planar_d1.60_q0_m1_R2SCAN-3C.out
15,B6_random_3d_seed1002_d3.50_q0_m5_R2SCAN-3C,8,5,5:8,1.27819781,-148.696374246400,random_3d_seed1000:2;random_3d_seed1002:1;rhombic_planar:5,calculations/stage1/B6_random_3d_seed1002_d3.50_q0_m5_R2SCAN-3C/B6_random_3d_seed1002_d3.50_q0_m5_R2SCAN-3C_optimized.xyz,calculations/stage1/B6_random_3d_seed1002_d3.50_q0_m5_R2SCAN-3C/B6_random_3d_seed1002_d3.50_q0_m5_R2SCAN-3C.out
16,B6_octahedral_3d_d2.00_q0_m3_R2SCAN-3C,23,3,3:23,1.28012715,-148.696303344346,octahedral_3d:7;random_3d_seed1000:1;random_3d_seed1001:7;random_3d_seed1002:1;random_3d_seed1003:7,calculations/stage1/B6_octahedral_3d_d2.00_q0_m3_R2SCAN-3C/B6_octahedral_3d_d2.00_q0_m3_R2SCAN-3C_optimized.xyz,calculations/stage1/B6_octahedral_3d_d2.00_q0_m3_R2SCAN-3C/B6_octahedral_3d_d2.00_q0_m3_R2SCAN-3C.out
17,B6_rhombic_planar_d2.50_q0_m5_R2SCAN-3C,1,5,5:1,1.28138081,-148.696257273214,rhombic_planar:1,calculations/stage1/B6_rhombic_planar_d2.50_q0_m5_R2SCAN-3C/B6_rhombic_planar_d2.50_q0_m5_R2SCAN-3C_optimized.xyz,calculations/stage1/B6_rhombic_planar_d2.50_q0_m5_R2SCAN-3C/B6_rhombic_planar_d2.50_q0_m5_R2SCAN-3C.out
18,B6_rhombic_planar_d3.50_q0_m5_R2SCAN-3C,4,5,5:4,1.30912375,-148.695237739115,rectangular_planar:3;rhombic_planar:1,calculations/stage1/B6_rhombic_planar_d3.50_q0_m5_R2SCAN-3C/B6_rhombic_planar_d3.50_q0_m5_R2SCAN-3C_optimized.xyz,calculations/stage1/B6_rhombic_planar_d3.50_q0_m5_R2SCAN-3C/B6_rhombic_planar_d3.50_q0_m5_R2SCAN-3C.out
19,B6_planar_ring_d3.50_q0_m3_R2SCAN-3C,2,3,3:2,1.42484460,-148.690985076312,compact_planar_triangle:1;planar_ring:1,calculations/stage1/B6_planar_ring_d3.50_q0_m3_R2SCAN-3C/B6_planar_ring_d3.50_q0_m3_R2SCAN-3C_optimized.xyz,calculations/stage1/B6_planar_ring_d3.50_q0_m3_R2SCAN-3C/B6_planar_ring_d3.50_q0_m3_R2SCAN-3C.out
20,B6_trigonal_prism_d1.80_q0_m5_R2SCAN-3C,1,5,5:1,1.53209339,-148.687043756054,trigonal_prism:1,calculations/stage1/B6_trigonal_prism_d1.80_q0_m5_R2SCAN-3C/B6_trigonal_prism_d1.80_q0_m5_R2SCAN-3C_optimized.xyz,calculations/stage1/B6_trigonal_prism_d1.80_q0_m5_R2SCAN-3C/B6_trigonal_prism_d1.80_q0_m5_R2SCAN-3C.out
21,B6_rectangular_planar_d1.60_q0_m1_R2SCAN-3C,2,1,1:2,1.61932424,-148.683838081357,rectangular_planar:2,calculations/stage1/B6_rectangular_planar_d1.60_q0_m1_R2SCAN-3C/B6_rectangular_planar_d1.60_q0_m1_R2SCAN-3C_optimized.xyz,calculations/stage1/B6_rectangular_planar_d1.60_q0_m1_R2SCAN-3C/B6_rectangular_planar_d1.60_q0_m1_R2SCAN-3C.out
22,B6_random_3d_seed1000_d3.50_q0_m5_R2SCAN-3C,1,5,5:1,1.65794035,-148.682418965305,random_3d_seed1000:1,calculations/stage1/B6_random_3d_seed1000_d3.50_q0_m5_R2SCAN-3C/B6_random_3d_seed1000_d3.50_q0_m5_R2SCAN-3C_optimized.xyz,calculations/stage1/B6_random_3d_seed1000_d3.50_q0_m5_R2SCAN-3C/B6_random_3d_seed1000_d3.50_q0_m5_R2SCAN-3C.out
23,B6_compact_planar_triangle_d3.50_q0_m5_R2SCAN-3C,3,5,5:3,1.68286421,-148.681503030561,compact_planar_triangle:3,calculations/stage1/B6_compact_planar_triangle_d3.50_q0_m5_R2SCAN-3C/B6_compact_planar_triangle_d3.50_q0_m5_R2SCAN-3C_optimized.xyz,calculations/stage1/B6_compact_planar_triangle_d3.50_q0_m5_R2SCAN-3C/B6_compact_planar_triangle_d3.50_q0_m5_R2SCAN-3C.out
24,B6_compact_planar_triangle_d1.60_q0_m5_R2SCAN-3C,2,5,5:2,1.70446028,-148.680709389723,compact_planar_triangle:2,calculations/stage1/B6_compact_planar_triangle_d1.60_q0_m5_R2SCAN-3C/B6_compact_planar_triangle_d1.60_q0_m5_R2SCAN-3C_optimized.xyz,calculations/stage1/B6_compact_planar_triangle_d1.60_q0_m5_R2SCAN-3C/B6_compact_planar_triangle_d1.60_q0_m5_R2SCAN-3C.out
25,B6_planar_ring_d1.60_q0_m1_R2SCAN-3C,2,1,1:2,1.78185909,-148.677865035791,planar_ring:2,calculations/stage1/B6_planar_ring_d1.60_q0_m1_R2SCAN-3C/B6_planar_ring_d1.60_q0_m1_R2SCAN-3C_optimized.xyz,calculations/stage1/B6_planar_ring_d1.60_q0_m1_R2SCAN-3C/B6_planar_ring_d1.60_q0_m1_R2SCAN-3C.out
26,B6_random_3d_seed1003_d3.00_q0_m5_R2SCAN-3C,17,5,5:17,2.00185961,-148.669780165771,random_3d_seed1000:3;random_3d_seed1002:5;random_3d_seed1003:2;random_3d_seed1004:6;trigonal_prism:1,calculations/stage1/B6_random_3d_seed1003_d3.00_q0_m5_R2SCAN-3C/B6_random_3d_seed1003_d3.00_q0_m5_R2SCAN-3C_optimized.xyz,calculations/stage1/B6_random_3d_seed1003_d3.00_q0_m5_R2SCAN-3C/B6_random_3d_seed1003_d3.00_q0_m5_R2SCAN-3C.out
27,B6_planar_ring_d1.80_q0_m3_R2SCAN-3C,2,3,3:2,2.10142461,-148.666121219669,planar_ring:2,calculations/stage1/B6_planar_ring_d1.80_q0_m3_R2SCAN-3C/B6_planar_ring_d1.80_q0_m3_R2SCAN-3C_optimized.xyz,calculations/stage1/B6_planar_ring_d1.80_q0_m3_R2SCAN-3C/B6_planar_ring_d1.80_q0_m3_R2SCAN-3C.out
28,B6_compact_planar_triangle_d2.00_q0_m3_R2SCAN-3C,3,3,3:3,2.23491136,-148.661215672110,compact_planar_triangle:3,calculations/stage1/B6_compact_planar_triangle_d2.00_q0_m3_R2SCAN-3C/B6_compact_planar_triangle_d2.00_q0_m3_R2SCAN-3C_optimized.xyz,calculations/stage1/B6_compact_planar_triangle_d2.00_q0_m3_R2SCAN-3C/B6_compact_planar_triangle_d2.00_q0_m3_R2SCAN-3C.out
29,B6_random_3d_seed1003_d2.00_q0_m1_R2SCAN-3C,11,1,1:11,2.27182826,-148.659859000929,octahedral_3d:3;random_3d_seed1001:4;random_3d_seed1003:4,calculations/stage1/B6_random_3d_seed1003_d2.00_q0_m1_R2SCAN-3C/B6_random_3d_seed1003_d2.00_q0_m1_R2SCAN-3C_optimized.xyz,calculations/stage1/B6_random_3d_seed1003_d2.00_q0_m1_R2SCAN-3C/B6_random_3d_seed1003_d2.00_q0_m1_R2SCAN-3C.out
30,B6_random_3d_seed1002_d1.60_q0_m5_R2SCAN-3C,2,5,5:2,2.30182379,-148.658756685459,random_3d_seed1000:1;random_3d_seed1002:1,calculations/stage1/B6_random_3d_seed1002_d1.60_q0_m5_R2SCAN-3C/B6_random_3d_seed1002_d1.60_q0_m5_R2SCAN-3C_optimized.xyz,calculations/stage1/B6_random_3d_seed1002_d1.60_q0_m5_R2SCAN-3C/B6_random_3d_seed1002_d1.60_q0_m5_R2SCAN-3C.out
31,B6_rectangular_planar_d2.00_q0_m3_R2SCAN-3C,1,3,3:1,2.36979432,-148.656258814628,rectangular_planar:1,calculations/stage1/B6_rectangular_planar_d2.00_q0_m3_R2SCAN-3C/B6_rectangular_planar_d2.00_q0_m3_R2SCAN-3C_optimized.xyz,calculations/stage1/B6_rectangular_planar_d2.00_q0_m3_R2SCAN-3C/B6_rectangular_planar_d2.00_q0_m3_R2SCAN-3C.out
32,B6_compact_planar_triangle_d2.20_q0_m5_R2SCAN-3C,2,5,5:2,2.52032598,-148.650726878104,compact_planar_triangle:2,calculations/stage1/B6_compact_planar_triangle_d2.20_q0_m5_R2SCAN-3C/B6_compact_planar_triangle_d2.20_q0_m5_R2SCAN-3C_optimized.xyz,calculations/stage1/B6_compact_planar_triangle_d2.20_q0_m5_R2SCAN-3C/B6_compact_planar_triangle_d2.20_q0_m5_R2SCAN-3C.out
33,B6_planar_ring_d3.50_q0_m5_R2SCAN-3C,5,5,5:5,2.55140800,-148.649584634971,planar_ring:5,calculations/stage1/B6_planar_ring_d3.50_q0_m5_R2SCAN-3C/B6_planar_ring_d3.50_q0_m5_R2SCAN-3C_optimized.xyz,calculations/stage1/B6_planar_ring_d3.50_q0_m5_R2SCAN-3C/B6_planar_ring_d3.50_q0_m5_R2SCAN-3C.out
34,B6_random_3d_seed1001_d2.50_q0_m5_R2SCAN-3C,18,5,5:18,2.66309362,-148.645480264250,octahedral_3d:7;random_3d_seed1001:6;random_3d_seed1003:5,calculations/stage1/B6_random_3d_seed1001_d2.50_q0_m5_R2SCAN-3C/B6_random_3d_seed1001_d2.50_q0_m5_R2SCAN-3C_optimized.xyz,calculations/stage1/B6_random_3d_seed1001_d2.50_q0_m5_R2SCAN-3C/B6_random_3d_seed1001_d2.50_q0_m5_R2SCAN-3C.out
35,B6_planar_ring_d1.60_q0_m5_R2SCAN-3C,1,5,5:1,2.89840162,-148.636832854762,planar_ring:1,calculations/stage1/B6_planar_ring_d1.60_q0_m5_R2SCAN-3C/B6_planar_ring_d1.60_q0_m5_R2SCAN-3C_optimized.xyz,calculations/stage1/B6_planar_ring_d1.60_q0_m5_R2SCAN-3C/B6_planar_ring_d1.60_q0_m5_R2SCAN-3C.out
36,B6_planar_ring_d3.00_q0_m5_R2SCAN-3C,1,5,5:1,2.95118095,-148.634893250021,planar_ring:1,calculations/stage1/B6_planar_ring_d3.00_q0_m5_R2SCAN-3C/B6_planar_ring_d3.00_q0_m5_R2SCAN-3C_optimized.xyz,calculations/stage1/B6_planar_ring_d3.00_q0_m5_R2SCAN-3C/B6_planar_ring_d3.00_q0_m5_R2SCAN-3C.out
37,B6_octahedral_3d_d3.00_q0_m1_R2SCAN-3C,7,1,1:7,2.99474971,-148.633292127542,octahedral_3d:3;random_3d_seed1001:3;random_3d_seed1003:1,calculations/stage1/B6_octahedral_3d_d3.00_q0_m1_R2SCAN-3C/B6_octahedral_3d_d3.00_q0_m1_R2SCAN-3C_optimized.xyz,calculations/stage1/B6_octahedral_3d_d3.00_q0_m1_R2SCAN-3C/B6_octahedral_3d_d3.00_q0_m1_R2SCAN-3C.out
38,B6_trigonal_prism_d3.50_q0_m1_R2SCAN-3C,2,1,1:2,3.04367285,-148.631494235257,linear_chain:1;trigonal_prism:1,calculations/stage1/B6_trigonal_prism_d3.50_q0_m1_R2SCAN-3C/B6_trigonal_prism_d3.50_q0_m1_R2SCAN-3C_optimized.xyz,calculations/stage1/B6_trigonal_prism_d3.50_q0_m1_R2SCAN-3C/B6_trigonal_prism_d3.50_q0_m1_R2SCAN-3C.out
39,B6_compact_planar_triangle_d2.20_q0_m1_R2SCAN-3C,7,1,1:7,3.06886387,-148.630568482579,compact_planar_triangle:7,calculations/stage1/B6_compact_planar_triangle_d2.20_q0_m1_R2SCAN-3C/B6_compact_planar_triangle_d2.20_q0_m1_R2SCAN-3C_optimized.xyz,calculations/stage1/B6_compact_planar_triangle_d2.20_q0_m1_R2SCAN-3C/B6_compact_planar_triangle_d2.20_q0_m1_R2SCAN-3C.out
40,B6_rectangular_planar_d1.60_q0_m5_R2SCAN-3C,1,5,5:1,3.20540705,-148.625550613103,rectangular_planar:1,calculations/stage1/B6_rectangular_planar_d1.60_q0_m5_R2SCAN-3C/B6_rectangular_planar_d1.60_q0_m5_R2SCAN-3C_optimized.xyz,calculations/stage1/B6_rectangular_planar_d1.60_q0_m5_R2SCAN-3C/B6_rectangular_planar_d1.60_q0_m5_R2SCAN-3C.out
41,B6_trigonal_prism_d1.60_q0_m3_R2SCAN-3C,1,3,3:1,3.37281124,-148.619398622796,trigonal_prism:1,calculations/stage1/B6_trigonal_prism_d1.60_q0_m3_R2SCAN-3C/B6_trigonal_prism_d1.60_q0_m3_R2SCAN-3C_optimized.xyz,calculations/stage1/B6_trigonal_prism_d1.60_q0_m3_R2SCAN-3C/B6_trigonal_prism_d1.60_q0_m3_R2SCAN-3C.out
42,B6_rectangular_planar_d2.20_q0_m5_R2SCAN-3C,1,5,5:1,3.38224990,-148.619051758148,rectangular_planar:1,calculations/stage1/B6_rectangular_planar_d2.20_q0_m5_R2SCAN-3C/B6_rectangular_planar_d2.20_q0_m5_R2SCAN-3C_optimized.xyz,calculations/stage1/B6_rectangular_planar_d2.20_q0_m5_R2SCAN-3C/B6_rectangular_planar_d2.20_q0_m5_R2SCAN-3C.out
43,B6_trigonal_prism_d1.60_q0_m1_R2SCAN-3C,1,1,1:1,3.54340925,-148.613129261351,trigonal_prism:1,calculations/stage1/B6_trigonal_prism_d1.60_q0_m1_R2SCAN-3C/B6_trigonal_prism_d1.60_q0_m1_R2SCAN-3C_optimized.xyz,calculations/stage1/B6_trigonal_prism_d1.60_q0_m1_R2SCAN-3C/B6_trigonal_prism_d1.60_q0_m1_R2SCAN-3C.out
44,B6_linear_chain_d1.60_q0_m5_R2SCAN-3C,8,5,3:2;5:6,3.54635517,-148.613021000821,linear_chain:8,calculations/stage1/B6_linear_chain_d1.60_q0_m5_R2SCAN-3C/B6_linear_chain_d1.60_q0_m5_R2SCAN-3C_optimized.xyz,calculations/stage1/B6_linear_chain_d1.60_q0_m5_R2SCAN-3C/B6_linear_chain_d1.60_q0_m5_R2SCAN-3C.out
45,B6_trigonal_prism_d2.20_q0_m3_R2SCAN-3C,4,3,3:4,3.75652156,-148.605297528324,trigonal_prism:4,calculations/stage1/B6_trigonal_prism_d2.20_q0_m3_R2SCAN-3C/B6_trigonal_prism_d2.20_q0_m3_R2SCAN-3C_optimized.xyz,calculations/stage1/B6_trigonal_prism_d2.20_q0_m3_R2SCAN-3C/B6_trigonal_prism_d2.20_q0_m3_R2SCAN-3C.out
46,B6_rectangular_planar_d1.80_q0_m5_R2SCAN-3C,2,5,5:2,3.83475595,-148.602422467795,rectangular_planar:2,calculations/stage1/B6_rectangular_planar_d1.80_q0_m5_R2SCAN-3C/B6_rectangular_planar_d1.80_q0_m5_R2SCAN-3C_optimized.xyz,calculations/stage1/B6_rectangular_planar_d1.80_q0_m5_R2SCAN-3C/B6_rectangular_planar_d1.80_q0_m5_R2SCAN-3C.out
47,B6_trigonal_prism_d2.20_q0_m1_R2SCAN-3C,3,1,1:3,4.05967959,-148.594156676456,trigonal_prism:3,calculations/stage1/B6_trigonal_prism_d2.20_q0_m1_R2SCAN-3C/B6_trigonal_prism_d2.20_q0_m1_R2SCAN-3C_optimized.xyz,calculations/stage1/B6_trigonal_prism_d2.20_q0_m1_R2SCAN-3C/B6_trigonal_prism_d2.20_q0_m1_R2SCAN-3C.out
48,B6_linear_chain_d1.60_q0_m3_R2SCAN-3C,3,3,3:3,4.19813741,-148.589068445333,linear_chain:3,calculations/stage1/B6_linear_chain_d1.60_q0_m3_R2SCAN-3C/B6_linear_chain_d1.60_q0_m3_R2SCAN-3C_optimized.xyz,calculations/stage1/B6_linear_chain_d1.60_q0_m3_R2SCAN-3C/B6_linear_chain_d1.60_q0_m3_R2SCAN-3C.out
49,B6_trigonal_prism_d1.60_q0_m5_R2SCAN-3C,1,5,5:1,4.65383674,-148.572321803974,trigonal_prism:1,calculations/stage1/B6_trigonal_prism_d1.60_q0_m5_R2SCAN-3C/B6_trigonal_prism_d1.60_q0_m5_R2SCAN-3C_optimized.xyz,calculations/stage1/B6_trigonal_prism_d1.60_q0_m5_R2SCAN-3C/B6_trigonal_prism_d1.60_q0_m5_R2SCAN-3C.out
50,B6_trigonal_prism_d2.00_q0_m5_R2SCAN-3C,3,5,5:3,4.96901762,-148.560739120289,trigonal_prism:3,calculations/stage1/B6_trigonal_prism_d2.00_q0_m5_R2SCAN-3C/B6_trigonal_prism_d2.00_q0_m5_R2SCAN-3C_optimized.xyz,calculations/stage1/B6_trigonal_prism_d2.00_q0_m5_R2SCAN-3C/B6_trigonal_prism_d2.00_q0_m5_R2SCAN-3C.out
51,B6_linear_chain_d3.00_q0_m1_R2SCAN-3C,1,1,1:1,6.25860710,-148.513347580772,linear_chain:1,calculations/stage1/B6_linear_chain_d3.00_q0_m1_R2SCAN-3C/B6_linear_chain_d3.00_q0_m1_R2SCAN-3C_optimized.xyz,calculations/stage1/B6_linear_chain_d3.00_q0_m1_R2SCAN-3C/B6_linear_chain_d3.00_q0_m1_R2SCAN-3C.out
52,B6_linear_chain_d2.50_q0_m1_R2SCAN-3C,4,1,1:4,6.56973428,-148.501913867712,linear_chain:4,calculations/stage1/B6_linear_chain_d2.50_q0_m1_R2SCAN-3C/B6_linear_chain_d2.50_q0_m1_R2SCAN-3C_optimized.xyz,calculations/stage1/B6_linear_chain_d2.50_q0_m1_R2SCAN-3C/B6_linear_chain_d2.50_q0_m1_R2SCAN-3C.out
53,B6_octahedral_3d_d2.20_q0_m1_R2SCAN-3C,1,1,1:1,7.16771133,-148.479938616605,octahedral_3d:1,calculations/stage1/B6_octahedral_3d_d2.20_q0_m1_R2SCAN-3C/B6_octahedral_3d_d2.20_q0_m1_R2SCAN-3C_optimized.xyz,calculations/stage1/B6_octahedral_3d_d2.20_q0_m1_R2SCAN-3C/B6_octahedral_3d_d2.20_q0_m1_R2SCAN-3C.out
54,B6_linear_chain_d1.60_q0_m1_R2SCAN-3C,1,1,1:1,8.28174665,-148.438998573661,linear_chain:1,calculations/stage1/B6_linear_chain_d1.60_q0_m1_R2SCAN-3C/B6_linear_chain_d1.60_q0_m1_R2SCAN-3C_optimized.xyz,calculations/stage1/B6_linear_chain_d1.60_q0_m1_R2SCAN-3C/B6_linear_chain_d1.60_q0_m1_R2SCAN-3C.out
