mode_number,orca_index,frequency_cm-1,atom_index,element,x_angstrom,y_angstrom,z_angstrom,dx,dy,dz,amplitude
1,6,233.780000,1,B,0.96858400,-0.20431000,0.99682400,0.1717890000,0.1448010000,-0.1373830000,0.2633493475
1,6,233.780000,2,B,1.40811300,-1.44347300,0.24014500,-0.3761780000,-0.3170970000,0.3007160000,0.5766198988
1,6,233.780000,3,B,0.20485900,-0.76279700,-0.54788700,0.2043840000,0.1722830000,-0.1633220000,0.3132544129
1,6,233.780000,4,B,-0.20486100,0.76279800,0.54788500,0.2044020000,0.1722970000,-0.1633500000,0.3132884554
1,6,233.780000,5,B,-1.40810400,1.44347500,-0.24014500,-0.3762010000,-0.3170980000,0.3007270000,0.5766411905
1,6,233.780000,6,B,-0.96859100,0.20430800,-0.99682200,0.1718040000,0.1448140000,-0.1373890000,0.2633694104
2,7,319.760000,1,B,0.96858400,-0.20431000,0.99682400,-0.2357360000,-0.1988930000,0.1888530000,0.3616563877
2,7,319.760000,2,B,1.40811300,-1.44347300,0.24014500,0.2109350000,0.1777780000,-0.1685710000,0.3232874473
2,7,319.760000,3,B,0.20485900,-0.76279700,-0.54788700,-0.3357700000,-0.2823690000,0.2685050000,0.5143624015
2,7,319.760000,4,B,-0.20486100,0.76279800,0.54788500,0.3366130000,0.2830700000,-0.2691900000,0.5156551103
2,7,319.760000,5,B,-1.40810400,1.44347500,-0.24014500,-0.2108600000,-0.1777080000,0.1685190000,0.3231729045
2,7,319.760000,6,B,-0.96859100,0.20430800,-0.99682200,0.2348190000,0.1981230000,-0.1881170000,0.3602508731
3,8,329.760000,1,B,0.96858400,-0.20431000,0.99682400,-0.3348670000,-0.2822270000,0.2677420000,0.5132969567
3,8,329.760000,2,B,1.40811300,-1.44347300,0.24014500,0.0184200000,0.0156380000,-0.0148860000,0.0283802121
3,8,329.760000,3,B,0.20485900,-0.76279700,-0.54788700,0.3169290000,0.2669820000,-0.2532720000,0.4856645811
3,8,329.760000,4,B,-0.20486100,0.76279800,0.54788500,0.3160090000,0.2662570000,-0.2525160000,0.4842714202
3,8,329.760000,5,B,-1.40810400,1.44347500,-0.24014500,0.0189920000,0.0161180000,-0.0153400000,0.0292540867
3,8,329.760000,6,B,-0.96859100,0.20430800,-0.99682200,-0.3354820000,-0.2827690000,0.2682720000,0.5142726375
4,9,398.760000,1,B,0.96858400,-0.20431000,0.99682400,-0.2381830000,0.0847250000,-0.2081730000,0.3274835340
4,9,398.760000,2,B,1.40811300,-1.44347300,0.24014500,-0.0378880000,0.0337180000,-0.0124230000,0.0522181482
4,9,398.760000,3,B,0.20485900,-0.76279700,-0.54788700,0.0947660000,-0.4807000000,-0.3872950000,0.6245402323
4,9,398.760000,4,B,-0.20486100,0.76279800,0.54788500,-0.0947750000,0.4806370000,0.3872870000,0.6244881478
4,9,398.760000,5,B,-1.40810400,1.44347500,-0.24014500,0.0378470000,-0.0336950000,0.0124120000,0.0521709323
4,9,398.760000,6,B,-0.96859100,0.20430800,-0.99682200,0.2382330000,-0.0846860000,0.2081920000,0.3275218920
5,10,516.970000,1,B,0.96858400,-0.20431000,0.99682400,0.0932090000,0.1624620000,0.2877400000,0.3433309289
5,10,516.970000,2,B,1.40811300,-1.44347300,0.24014500,-0.1454160000,0.2421190000,0.0734910000,0.2918361703
5,10,516.970000,3,B,0.20485900,-0.76279700,-0.54788700,0.0522470000,-0.4045910000,-0.3612000000,0.5448752759
5,10,516.970000,4,B,-0.20486100,0.76279800,0.54788500,0.0522210000,-0.4046440000,-0.3612650000,0.5449552273
5,10,516.970000,5,B,-1.40810400,1.44347500,-0.24014500,-0.1454530000,0.2421680000,0.0734810000,0.2918927419
5,10,516.970000,6,B,-0.96859100,0.20430800,-0.99682200,0.0931910000,0.1624850000,0.2877540000,0.3433486599
6,11,537.830000,1,B,0.96858400,-0.20431000,0.99682400,0.1354560000,0.1837740000,0.3631730000,0.4289706738
6,11,537.830000,2,B,1.40811300,-1.44347300,0.24014500,-0.3459630000,0.3102990000,-0.1056410000,0.4765877544
6,11,537.830000,3,B,0.20485900,-0.76279700,-0.54788700,-0.1897740000,0.0074650000,-0.2298460000,0.2981594892
6,11,537.830000,4,B,-0.20486100,0.76279800,0.54788500,0.1897940000,-0.0075000000,0.2298140000,0.2981484312
6,11,537.830000,5,B,-1.40810400,1.44347500,-0.24014500,0.3459150000,-0.3102830000,0.1056240000,0.4765387253
6,11,537.830000,6,B,-0.96859100,0.20430800,-0.99682200,-0.1354300000,-0.1837560000,-0.3631250000,0.4289141150
7,12,644.880000,1,B,0.96858400,-0.20431000,0.99682400,-0.2784920000,0.0766700000,-0.2673700000,0.3936023372
7,12,644.880000,2,B,1.40811300,-1.44347300,0.24014500,0.3304010000,0.0245260000,0.4391620000,0.5501178126
7,12,644.880000,3,B,0.20485900,-0.76279700,-0.54788700,-0.0519170000,-0.1011930000,-0.1718080000,0.2060421971
7,12,644.880000,4,B,-0.20486100,0.76279800,0.54788500,-0.0518990000,-0.1011710000,-0.1717540000,0.2059818292
7,12,644.880000,5,B,-1.40810400,1.44347500,-0.24014500,0.3304140000,0.0245070000,0.4391530000,0.5501175891
7,12,644.880000,6,B,-0.96859100,0.20430800,-0.99682200,-0.2785070000,0.0766600000,-0.2673830000,0.3936198335
8,13,820.850000,1,B,0.96858400,-0.20431000,0.99682400,-0.3526100000,0.1408740000,-0.2927270000,0.4794459224
8,13,820.850000,2,B,1.40811300,-1.44347300,0.24014500,-0.3135340000,0.2223900000,-0.1579160000,0.4155699030
8,13,820.850000,3,B,0.20485900,-0.76279700,-0.54788700,0.0504860000,0.1782770000,0.2511940000,0.3121377109
8,13,820.850000,4,B,-0.20486100,0.76279800,0.54788500,-0.0504890000,-0.1782830000,-0.2512030000,0.3121488658
8,13,820.850000,5,B,-1.40810400,1.44347500,-0.24014500,0.3135480000,-0.2223920000,0.1579320000,0.4155876160
8,13,820.850000,6,B,-0.96859100,0.20430800,-0.99682200,0.3525990000,-0.1408660000,0.2927190000,0.4794305974
9,14,1091.540000,1,B,0.96858400,-0.20431000,0.99682400,-0.0384550000,-0.1970210000,-0.2559000000,0.3252397139
9,14,1091.540000,2,B,1.40811300,-1.44347300,0.24014500,0.0704590000,0.2324680000,0.3333010000,0.4124262338
9,14,1091.540000,3,B,0.20485900,-0.76279700,-0.54788700,-0.3584360000,0.2098500000,-0.2272790000,0.4734650277
9,14,1091.540000,4,B,-0.20486100,0.76279800,0.54788500,0.3582120000,-0.2097340000,0.2271150000,0.4731653104
9,14,1091.540000,5,B,-1.40810400,1.44347500,-0.24014500,-0.0703350000,-0.2326370000,-0.3333180000,0.4125140908
9,14,1091.540000,6,B,-0.96859100,0.20430800,-0.99682200,0.0385550000,0.1970740000,0.2560800000,0.3254252847
10,15,1104.260000,1,B,0.96858400,-0.20431000,0.99682400,0.1312850000,0.1143280000,0.2848660000,0.3338491887
10,15,1104.260000,2,B,1.40811300,-1.44347300,0.24014500,0.2366390000,-0.3049540000,-0.0254780000,0.3868385799
10,15,1104.260000,3,B,0.20485900,-0.76279700,-0.54788700,-0.3678330000,0.1905570000,-0.2593490000,0.4887483912
10,15,1104.260000,4,B,-0.20486100,0.76279800,0.54788500,-0.3680370000,0.1906800000,-0.2594700000,0.4890140864
10,15,1104.260000,5,B,-1.40810400,1.44347500,-0.24014500,0.2366720000,-0.3048040000,-0.0252760000,0.3867272814
10,15,1104.260000,6,B,-0.96859100,0.20430800,-0.99682200,0.1312750000,0.1141930000,0.2847080000,0.3336642206
11,16,1339.440000,1,B,0.96858400,-0.20431000,0.99682400,0.2966290000,-0.4326770000,-0.0850710000,0.5314463520
11,16,1339.440000,2,B,1.40811300,-1.44347300,0.24014500,-0.0716820000,0.2834360000,0.2091980000,0.3594969797
11,16,1339.440000,3,B,0.20485900,-0.76279700,-0.54788700,-0.2249600000,0.1492510000,-0.1241330000,0.2971394694
11,16,1339.440000,4,B,-0.20486100,0.76279800,0.54788500,-0.2249500000,0.1492440000,-0.1241270000,0.2971258760
11,16,1339.440000,5,B,-1.40810400,1.44347500,-0.24014500,-0.0716860000,0.2834660000,0.2092190000,0.3595336503
11,16,1339.440000,6,B,-0.96859100,0.20430800,-0.99682200,0.2966490000,-0.4327200000,-0.0850860000,0.5314949247
12,17,1407.260000,1,B,0.96858400,-0.20431000,0.99682400,-0.2691260000,0.3926130000,0.0771920000,0.4822161098
12,17,1407.260000,2,B,1.40811300,-1.44347300,0.24014500,0.1878820000,-0.3022700000,-0.0836350000,0.3655976095
12,17,1407.260000,3,B,0.20485900,-0.76279700,-0.54788700,-0.2761550000,0.1942530000,-0.1407730000,0.3658043870
12,17,1407.260000,4,B,-0.20486100,0.76279800,0.54788500,0.2761880000,-0.1942730000,0.1407950000,0.3658483865
12,17,1407.260000,5,B,-1.40810400,1.44347500,-0.24014500,-0.1878840000,0.3022610000,0.0836170000,0.3655870789
12,17,1407.260000,6,B,-0.96859100,0.20430800,-0.99682200,0.2690960000,-0.3925850000,-0.0771970000,0.4821773701
